town_name,state,county,zip_codes,population,bond_rating_sp,free_cash_pct_of_budget,pension_funded_ratio_pct,debt_per_capita,gfoa_certificate_consecutive_years,tax_base_non_residential_pct,effective_tax_rate_pct,median_annual_tax_bill,median_household_income,residential_rate_per_1000,district_state_rank,district_state_rank_total,district_rank_10yr_change,test_scores_math_pct,graduation_rate_pct,ap_participation_pct,transparency,electric_savings_vs_state_avg,water_violations_5yr,transit_access,violent_crime_per_100k,property_crime_per_100k,crime_5yr_pct_change,income_10yr_change_pct,population_10yr_change_pct,bachelors_degree_pct,unemployment_pct,poverty_pct,flood_risk_pct,flood_2050_growth_pts,wildfire_risk,civica_score,ter,ter_rating,data_gaps_count,data_confidence,last_updated,compiler_notes,value_score,value_rating,p_schools,p_safety,p_taxes,p_fiscal,p_econ,p_qol,p_climate,housing_affordability_ratio
Danvers,MA,Essex,01923;01937,28098,AA+,8.38,53.8,3156.0,16,21.5,1.18,6371,125395,13.36,196,351,-51,41.0,92.3,27.7,yes,2036,0,None,137.4,1480.2,,47.3,3.8,46.8,5.7,5.2,9.8,2.8,low,71,5.3,Average,1,high,2026-05-14,"AAA 2019-2024; AA+ 2025 (S&P methodology change). Standout: Danvers Electric ~$2,036/yr savings vs MA average.",64.6,Hidden Gem,71,71,70,67,81,70,75,5.38
Beverly,MA,Essex,01915,42665,AA+,6.04,53.8,2713.0,,18.0,1.0,6605,106044,11.23,109,351,-10,43.0,89.4,26.3,yes,-300,0,Commuter Rail (in town),195,1450,,47.0,6.0,52.3,3.6,9.9,14.0,4.0,low,70,6.2,Strong,1,high,2026-05-14,"Several inputs estimated (free cash %, GFOA years, debt/capita, crime ratios). Pull primary ACFR before external publication.",61.7,Hidden Gem,73,65,70,67,77,84,60,6.56
Marblehead,MA,Essex,01945,20413,AAA,5.67,98.0,3521.0,18,4.4,0.905,10181,182132,9.05,89,351,7,53.0,97.6,46.6,yes,1931,0,Bus only,14.6,57.8,,68.6,1.9,76.9,1.9,3.8,17.6,3.0,low,82,9.1,Exceptional,1,high,2026-05-14,,52.4,Strong Value,78,94,75,82,89,82,50,5.27
Salem,MA,Essex,01970;01971,44795,AA,7.35,53.8,2040.0,10,,1.13,,85153,11.34,295,351,-31,33.0,86.3,24.3,yes,0,0,Commuter Rail (in town),152.0,1554.0,,52.6,5.5,49.6,5.2,13.7,16.0,12.0,low,66,5.8,Strong,2,high,2026-05-14,AA bond rating (S&P stable Oct 2024). Very low free cash 1.2% flagged. High flood trajectory (+12 pts by 2050). Pull debt/capita and tax_base split from ACFR. median_annual_tax_bill blank — pull from Census ACS.,70.6,Hidden Gem,53,71,63,71,75,91,40,6.73
Peabody,MA,Essex,01960,54695,,4.77,53.8,1253.0,,,,0.926,95278,9.26,9.26,265,351,33.0,83.7,21.7,,partial,1850,None,147.7,61.8,836.9,48.1,5.2,33.9,4.8,6.5,7.7,10.5,0.4,67,7.2,Exceptional,2,high,2026-05-14,"PMLP municipal electric ~$1,850/yr savings vs MA avg. Bond rating and debt not found — pull from EMMA and ACFR. ACFR not published online (transparency=partial). Large commercial base (16.5% CIP share).",63.0,Hidden Gem,64,83,72,59,77,31,54,6.85
Gloucester,MA,Essex,01930;01931,30075,AA,2.8,53.8,4508.0,,8.26,0.97,6056,83883,9.72,254,351,2,37.0,84.7,13.4,yes,0,0,Commuter Rail (in town),277.8,552.3,,43.0,2.8,38.8,6.4,10.6,20.0,,low,65,6.7,Exceptional,2,high,2026-05-14,,57.5,Strong Value,60,79,59,53,67,91,54,8.27
Newburyport,MA,Essex,01950;01951,18652,AAA,3.23,53.8,5035.0,,,,7778,139625,9.58,87,351,-25,52.0,97.1,26.3,yes,,0,Commuter Rail (in town),47.0,395.0,,83.4,5.0,65.9,5.8,5.1,,,low,78,8.1,Exceptional,5,medium,2026-05-14,,56.5,Strong Value,87,94,61,54,93,86,71,6.06
Andover,MA,Essex,01810,36678,AA+,11.52,97.0,3039.0,16,18.3,1.14,10542,155420,12.42,75,351,,68.0,98.1,37.8,yes,0,0,Commuter Rail (in town),62.0,720.0,,48.7,8.1,75.2,5.0,3.5,2.8,1.2,low,84,6.8,Exceptional,2,high,2026-05-14,,56.5,Strong Value,87,90,65,85,88,91,83,5.86
North Andover,MA,Essex,01845,30723,AA,6.91,53.8,1269.0,,22.1,1.08,8740,122500,11.24,130,351,12,49.0,96.5,25.1,yes,0,0,Commuter Rail (nearby),75.0,810.0,,39.9,8.2,60.7,3.4,7.7,3.8,3.2,1.5,76,6.8,Exceptional,1,high,2026-05-14,Bond rating estimated as AA — pull from EMMA (MSRB). Most financial metrics estimated; verify from ACFR. Tax base non-residential % estimated from Route 114 commercial concentration.,61.3,Hidden Gem,72,90,63,70,84,84,73,6.21
Swampscott,MA,Essex,01907,15332,AA,4.5,53.8,2000.0,,7.2,1.02,8100,109400,10.45,172,351,81,48.0,93.5,40.3,yes,0,0,Commuter Rail (in town),88.0,920.0,,39.8,9.7,61.7,5.4,7.0,5.2,22.3,3.5,72,6.9,Exceptional,1,high,2026-05-14,Bond rating estimated — pull from EMMA. Most metrics estimated; verify from ACFR and DESE. Flood risk reflects coastal exposure — pull First Street Foundation data. Debt/capita reflects recent capital projects.,57.8,Strong Value,66,81,63,68,79,91,54,6.98
Burlington,MA,Middlesex,01803,27968,AA+,14.05,70.0,2383.0,18,44.8,0.92,6540,106500,10.14,125,351,-85,46.0,93.5,27.2,yes,0,0,Commuter Rail (nearby),45.0,650.0,,50.0,5.4,58.2,3.6,5.6,3.5,1.2,0.8,82,8.1,Exceptional,1,high,2026-05-14,Bond rating AA+ estimated — pull from EMMA. Very high commercial tax base (44.8%) keeps residential rates low. Major retail/office corridor Route 128/3. Most metrics estimated; verify from ACFR and DESE district profiles.,60.9,Hidden Gem,83,90,66,85,81,84,79,7.74
Uxbridge,MA,Worcester,01569,15922,,5.63,51.9,4794.0,,12.5,1.22,6200,98500,13.1,228,351,,36.0,87.8,15.2,yes,,0,None,110.0,950.0,,49.7,6.2,38.9,4.6,4.0,6.8,6.5,3.5,64,4.9,Average,4,medium,2026-05-14,Bond rating not found — pull from EMMA (MSRB). Smaller rural-suburban town in Worcester County. High crime rates relative to Essex County peers. Many metrics estimated; verify from ACFR and DESE.,80.5,Hidden Gem,60,81,68,47,77,56,59,4.95
Lynn,MA,Essex,01901;01902;01904;01905,101253,A,4.41,,609.0,,28.0,1.04,3100,73340,10.36,331,351,,19.0,75.6,10.6,yes,0,0,Commuter Rail (in town),460.7,989.7,,66.6,11.1,23.3,4.6,13.7,15.0,4.0,low,62,6.0,Strong,3,high,2026-05-14,,70.7,Hidden Gem,38,55,75,72,77,91,50,7.33
Lawrence,MA,Essex,01840;01841;01842;01843,80376,,3.88,65.0,1596.0,,40.0,0.88,2640,57903,8.80,340,351,-2,17.0,82.2,17.9,yes,0,0,Commuter Rail (in town),479.5,1068.3,,76.3,14.9,16.4,8.7,18.2,8.0,2.5,low,60,6.8,Exceptional,2,high,2026-05-14,,80.7,Hidden Gem,42,48,80,59,71,91,75,7.87
Haverhill,MA,Essex,01830;01832;01833;01835,64918,AA,4.23,69.4,1963.0,,25.0,1.07,4285,87675,10.71,291,351,10,29.0,86.7,16.2,yes,0,1,Commuter Rail (in town),510.9,834.2,,45.1,9.9,31.6,5.9,10.6,9.0,2.5,low,62,5.8,Strong,1,high,2026-05-14,,76.4,Hidden Gem,44,48,78,73,73,85,75,5.68
Methuen,MA,Essex,01844,54793,AA,9.51,68.0,1062.0,,22.0,1.06,4520,103270,10.58,274,351,15,27.0,90.9,22.6,yes,0,0,Bus only,209.1,838.3,,52.9,11.2,30.5,6.3,8.2,5.0,1.5,low,70,6.6,Exceptional,1,high,2026-05-14,,76.5,Hidden Gem,47,75,78,80,83,74,75,5.43
Saugus,MA,Essex,01906,28717,AA+,15.39,,5516.0,,25.0,1.07,5520,100819,10.68,271,351,3,33.0,84.1,20.6,yes,0,0,Bus only,223.6,1257.9,,32.1,5.7,31.4,3.6,6.4,10.0,3.0,low,66,6.2,Strong,2,high,2026-05-14,,62.2,Hidden Gem,47,70,75,71,77,74,60,6.45
Amesbury,MA,Essex,01913,17272,,5.8,,3081.0,7,18.0,1.53,8415,100599,15.30,193,351,-30,38.0,82.1,13.7,yes,0,0,Commuter Rail (nearby),163.2,705.1,,28.2,5.2,42.5,3.9,7.0,6.0,2.0,low,66,4.3,Average,3,high,2026-05-14,,71.0,Hidden Gem,66,80,45,59,70,84,75,5.67
Ipswich,MA,Essex,01938,13544,AAA,4.66,53.79,2044.0,,12.0,1.12,8800,120739,11.15,65,351,10,54.0,95.0,31.4,yes,300,0,Commuter Rail (in town),64.6,322.8,,61.4,3.5,57.5,2.8,6.5,15.0,4.0,low,78,7.0,Exceptional,1,high,2026-05-14,,60.5,Hidden Gem,77,94,58,72,86,91,50,6.55
Lynnfield,MA,Essex,01940,12028,AA+,4.24,53.79,2216.0,,8.0,1.06,10800,172484,10.56,40,351,5,57.0,97.9,35.6,yes,0,0,Bus only,154.1,685.5,,55.4,9.8,61.1,3.5,6.1,3.0,0.5,low,80,7.6,Exceptional,1,high,2026-05-14,,48.2,Market Rate,83,86,70,70,95,74,88,5.9
Rockport,MA,Essex,01966,7100,,6.95,53.79,1281.0,,10.0,0.88,7500,95528,8.76,147,351,-5,63.0,91.3,21.7,yes,0,0,Commuter Rail (in town),21.5,7.9,30.0,40.4,-0.9,57.2,9.1,3.6,5.0,low,low,73,8.3,Exceptional,1,high,2026-05-14,,53.7,Strong Value,76,87,65,59,68,91,72,8.73
Manchester-by-the-Sea,MA,Essex,01944,5508,,,53.79,,,8.0,0.92,13000,206389,9.15,52,351,10,64.0,97.4,43.4,yes,0,0,Commuter Rail (in town),0.0,30.8,35.0,71.1,3.5,84.0,8.9,2.8,5.5,low,low,76,8.3,Exceptional,3,high,2026-05-14,,39.4,Premium Town,83,87,70,49,93,91,72,5.74
Boxford,MA,Essex,01921,8025,AAA,7.51,53.79,701.0,,5.0,1.35,14300,175000,13.45,50,351,5,62.0,96.9,25.7,yes,0,0,None,6.1,2.5,38.0,53.1,1.4,69.6,3.1,2.2,0.5,low,low,77,5.7,Strong,0,high,2026-05-14,,47.7,Market Rate,82,87,51,80,89,62,86,5.65
Hamilton,MA,Essex,01936,8156,AAA,8.69,53.79,1616.0,,7.0,1.57,14000,135000,15.65,39,351,5,68.0,97.3,32.8,yes,0,0,Commuter Rail (in town),72.8,21.2,25.0,19.3,-5.3,68.5,2.5,6.1,1.5,low,low,75,4.8,Average,0,high,2026-05-14,,55.6,Strong Value,86,87,38,78,60,91,86,6.13
Georgetown,MA,Essex,01833,8184,,4.42,53.79,3220.0,,8.0,1.11,7400,139603,11.06,130,351,63,49.0,98.1,37.0,yes,200,0,None,41.6,25.6,38.0,41.0,1.9,53.4,1.6,3.2,0.8,low,low,70,6.3,Strong,1,high,2026-05-14,,60.5,Hidden Gem,67,87,70,51,82,62,86,5.08
Middleton,MA,Essex,01949,10077,,18.93,53.79,1231.0,,15.0,1.19,11000,168062,11.89,50,351,5,62.0,96.9,25.7,yes,200,0,None,243.0,729.0,,64.5,6.5,41.6,2.9,3.3,4.0,1.0,low,75,6.3,Strong,2,high,2026-05-14,,56.1,Strong Value,82,75,68,66,93,62,83,4.88
Salisbury,MA,Essex,01952,9290,,4.22,53.79,3635.0,,12.0,1.01,4535,99496,10.08,129,351,10,53.0,92.9,19.6,yes,0,0,None,281.0,801.0,,42.1,9.8,43.9,7.0,4.9,30.0,8.0,low,67,6.6,Exceptional,2,high,2026-05-14,,69.6,Hidden Gem,70,75,78,47,79,62,34,5.93
Topsfield,MA,Essex,01983,6178,,9.88,53.79,3940.0,,6.0,1.50,13500,167766,14.99,50,351,5,62.0,96.9,25.7,yes,0,0,None,0.0,255.0,,58.2,5.2,73.0,0.7,7.5,2.0,0.5,low,72,4.8,Average,2,high,2026-05-14,,49.1,Market Rate,82,94,45,50,93,62,88,5.36
Merrimac,MA,Essex,01860,6870,AA+,2.05,53.79,1750.0,,8.0,1.33,6625,96020,13.25,145,351,43,49.0,98.1,37.0,yes,200,0,None,15.0,23.8,,46.7,4.1,36.8,1.6,8.3,5.0,1.5,low,73,5.5,Strong,1,high,2026-05-14,,74.9,Hidden Gem,70,94,58,67,77,62,75,6.22
Groveland,MA,Essex,01834,6618,,7.81,53.79,916.0,,7.0,1.27,7600,131559,12.69,145,351,43,49.0,98.1,37.0,yes,200,0,None,15.0,15.0,,39.0,1.1,45.5,2.6,4.2,5.0,1.5,low,75,5.9,Strong,2,high,2026-05-14,,70.9,Hidden Gem,70,94,74,64,78,62,75,4.93
Newbury,MA,Essex,01951,7145,,11.99,53.79,1950.0,,8.0,0.75,8200,164683,7.45,129,351,10,53.0,92.9,19.6,yes,0,0,None,59.6,30.5,35.0,92.2,-0.0,54.7,1.7,5.1,9.0,low,low,75,10.1,Exceptional,1,high,2026-05-14,,54.4,Strong Value,70,87,84,62,89,62,72,5.13
West Newbury,MA,Essex,01985,4564,,8.73,53.79,498.0,,5.0,1.08,10800,179500,10.80,145,351,43,49.0,98.1,37.0,yes,0,0,None,65.1,9.8,35.0,69.3,5.4,66.6,2.9,2.2,0.8,low,low,75,6.9,Exceptional,1,high,2026-05-14,,53.4,Strong Value,70,87,73,64,93,62,86,4.8
Rowley,MA,Essex,01969,6266,,9.55,53.79,6575.0,,8.0,1.18,7060,134245,11.77,129,351,10,53.0,92.9,19.6,yes,200,0,Commuter Rail (in town),40.8,17.9,32.0,40.8,5.1,51.2,3.3,1.4,5.0,low,low,72,6.1,Strong,1,high,2026-05-14,,60.2,Hidden Gem,70,87,70,48,81,91,72,5.46
Nahant,MA,Essex,01908,3394,,2.8,53.79,654.0,,5.0,0.92,8240,107503,9.15,271,396,-4,19.0,75.6,10.6,,yes,0,None,15.1,10.6,,65.8,-3.0,61.7,5.1,6.8,40.0,10.0,low,63,6.9,Exceptional,2,high,2026-05-14,,42.7,Market Rate,47,94,59,56,72,56,30,8.4
Wenham,MA,Essex,01984,5062,,6.58,53.79,564.0,,6.0,1.55,12000,166866,15.54,39,351,5,68.0,97.3,32.8,yes,0,0,Commuter Rail (in town),70.0,17.0,35.0,47.1,-0.7,69.9,2.0,3.9,1.0,low,low,75,4.8,Average,1,high,2026-05-14,,49.0,Market Rate,86,87,45,61,80,91,86,5.63
Essex,MA,Essex,01929,3504,,11.72,53.79,4749.0,,10.0,1.30,9100,125415,12.99,52,351,13,64.0,97.4,43.4,yes,0,0,None,54.4,29.9,33.0,105.3,3.8,68.7,1.0,6.0,5.5,low,low,72,5.5,Strong,1,high,2026-05-14,,53.4,Strong Value,83,87,51,52,89,62,72,6.59
Chelsea,MA,Suffolk,02150,39460,,12.57,,842.0,26,,1.15,6310,72179,11.48,323,351,-28,14.0,70.1,20.8,yes,0,0,Commuter Rail (in town),803,1633,,52.7,8.9,22.0,8.8,20.6,14.0,5.0,low,55,4.8,Average,3,high,2026-05-14,"Chelsea Station (opened 2021) brings direct commuter rail to North Station in under 30 minutes, plus Silver Line SL3 to South Station — the strongest multi-modal transit access in the Civica cohort. A 26-year GFOA award signals consistent financial management despite significant demographic challenges.",66.8,Hidden Gem,44,30,55,74,67,91,54,7.0
Lexington,MA,Middlesex,02420 / 02421,34295,AAA,6.69,55,5720.0,20,13.6,1.22,14714,238444,12.23,4,351,3,76.0,98.2,53.9,yes,0,0,Bus only,29.4,293.7,,57.2,6.9,85.0,3.0,4.3,3.0,2.0,low,80,6.5,Exceptional,1,high,2026-05-14,"Lexington's AAA bond rating and #4-ranked school district (MCAS math 78%; grad 98.2%) make it the highest-ranked school district in this group -- plan for one of MA's highest median tax bills at $14,714/yr.",33.4,Premium Town,92,94,65,59,93,74,83,6.16
Arlington,MA,Middlesex,02474 / 02476,46350,AA+,10.27,55,4838.0,15,6.0,1.15,10058,150701,10.77,24,351,8,77.0,96.8,41.8,yes,0,0,Bus only,97.0,467.3,,57.4,6.3,74.4,3.2,5.4,4.0,3.0,low,78,7.2,Exceptional,1,high,2026-05-14,Arlington's Route 77 bus runs every 10-15 minutes to Harvard Square -- the most frequent transit link to Cambridge of any non-rail suburb -- and its school district climbed 8 spots to #24 statewide over the past decade.,47.6,Market Rate,85,90,65,62,90,74,77,6.67
Medford,MA,Middlesex,02155,59354,AA+,9.42,55,771.0,,18.0,1.18,6648,129540,8.80,210,351,-15,40.0,90.9,13.8,yes,0,0,Subway,190.4,1009.1,,60.7,4.3,57.6,4.4,8.2,5.0,4.0,low,74,8.4,Exceptional,1,high,2026-05-14,Medford gained Green Line access via the GLX extension in 2022 -- one of the most significant transit upgrades to any MA suburb in a generation -- and median home values have not fully caught up to comparable Green Line cities yet.,57.8,Strong Value,66,75,70,77,86,91,69,6.06
Belmont,MA,Middlesex,02478,27175,AAA,4.31,55,9274.0,18,8.0,1.14,13212,183137,11.39,12,351,5,78.0,96.7,48.1,yes,0,0,Commuter Rail (in town),60.3,843.5,,61.1,8.3,80.2,4.5,3.5,2.0,2.0,low,78,6.8,Exceptional,1,high,2026-05-14,"Belmont achieves top-tier school outcomes (#12 statewide; MCAS math 71%) at just $18,266 per pupil -- the lowest per-pupil spend of any top-15 district in this group -- while holding a Moody's Aaa bond rating.",34.7,Premium Town,88,85,55,59,95,91,83,7.52
Winchester,MA,Middlesex,01890,23406,AAA,13.54,55,5767.0,20,4.3,1.11,13479,230198,11.09,10,351,4,77.0,96.0,34.1,yes,0,0,Commuter Rail (in town),22.1,402.9,,66.5,5.7,78.4,3.0,3.9,2.0,2.0,low,83,7.5,Exceptional,1,high,2026-05-14,Winchester has the lowest violent crime rate of any town in this comparison group (22/100k) and a 95.7% residential tax base with minimal commercial subsidy -- yet still holds a Moody's Aaa rating and two Lowell Line commuter rail stops.,35.1,Premium Town,91,94,70,64,93,91,83,6.3
Woburn,MA,Middlesex,01801 / 01888,41939,AAA,21.19,55,1780.0,8,35.0,0.91,5752,111185,8.54,247,351,-10,37.0,91.1,21.0,yes,0,0,Commuter Rail (in town),185.0,973.1,,44.8,6.9,47.3,7.4,7.8,4.0,3.0,low,75,8.8,Exceptional,1,high,2026-05-14,Woburn's biotech and industrial commercial tax base (est. ~35% of levy) gives residents a $8.54 residential rate -- among the lowest in Middlesex County -- and the Anderson/Woburn commuter rail stop provides direct access to North Station.,65.3,Hidden Gem,66,75,75,80,77,91,77,6.34
Wakefield,MA,Middlesex,01880,27793,AA+,10.32,55,2016.0,10,22.0,1.14,8212,134306,11.35,76,351,5,56.0,95.5,25.7,yes,0,0,Commuter Rail (in town),110.4,529.9,,55.1,7.4,57.0,4.5,4.6,6.0,4.0,low,80,7.0,Exceptional,1,high,2026-05-14,Wakefield sits on scenic Lake Quannapowitt and has two Haverhill Line commuter rail stops -- a rare combination of waterfront quality and rail access at under $725K median home value.,64.8,Hidden Gem,80,90,65,75,88,91,69,5.63
Reading,MA,Middlesex,01867,25612,AAA,13.73,55,1485.0,15,12.0,1.14,9213,165912,11.39,42,351,23,61.0,98.1,25.0,yes,0,0,Commuter Rail (in town),27.9,485.4,,55.2,2.0,65.1,3.0,2.7,3.0,2.0,low,83,7.3,Exceptional,1,high,2026-05-14,Reading jumped 23 spots in the statewide school rankings -- the most dramatic improvement in this comparison group -- while maintaining the second-lowest violent crime rate (28/100k) and a 98.1% graduation rate.,60.3,Hidden Gem,80,94,70,79,86,91,83,5.09
Somerville,MA,Middlesex,02143 / 02144 / 02145,81036,AAA,6.1,62,3305.0,10,33.0,1.09,9952,132572,10.91,224,351,-12,40.0,86.1,21.8,yes,0,0,Subway,246.5,1423.7,,89.3,4.7,68.0,2.9,10.1,5.0,4.0,low,69,6.3,Strong,1,high,2026-05-14,"Somerville added five Green Line stations via the GLX extension in 2022 and offers a 35% residential exemption -- reducing owner-occupant tax bills by ~$4,300/yr -- making the actual cost of ownership significantly lower than the headline rate suggests.",47.4,Market Rate,63,60,63,71,89,91,69,6.73
Cambridge,MA,Middlesex,02138 / 02139 / 02140 / 02141 / 02142,118796,AAA,17.14,76,4088.0,25,35.8,0.63,6081,130748,6.35,81,351,5,54.0,91.7,31.3,yes,0,0,Subway,479.2,2403.3,,74.4,11.4,80.2,3.4,12.4,7.0,5.0,low,69,10.9,Exceptional,1,high,2026-05-14,"Cambridge is the only Massachusetts municipality with a triple-AAA bond rating from all three major agencies (Moody's, S&P, Fitch) for 25 consecutive years -- enabled by Kendall Square's biotech and university commercial base, which also funds the lowest residential tax rate in Middlesex County.",42.5,Market Rate,75,27,80,78,88,91,63,7.61
Boston,MA,Suffolk,02101,663972,AAA,12.74,70.2,1839.0,28,79,0.87,5500,94755.0,10.51,308,351,12,22.0,81.3,26.5,yes,0,0,Subway,449,1355,-10,76.8,5.5,54.1,6.0,16.9,12,8,low,66,6.3,Strong,0,high,2026-05-14,~79% non-residential tax base subsidizes residential rates. BPS is a large urban district under state accountability.,56.2,Strong Value,39,52,77,89,84,91,54,7.6
Revere,MA,Suffolk,02151,59933,A+,1.05,,3008.0,,28,1.05,5000,81121.0,11.49,210,351,8,27.0,79.8,17.5,yes,0,0,Subway,380,945,-5,56.4,14.1,24.7,7.2,12.4,22,10,low,62,5.4,Average,1,high,2026-05-14,Blue Line MBTA access. Coastal city with Revere Beach; significant flood exposure. Diverse and growing.,86.4,Hidden Gem,49,65,70,54,77,91,40,5.42
Winthrop,MA,Suffolk,02152,18807,,4.26,,2712.0,,11,1.22,6800,106357.0,13.72,130,351,5,42.0,91.2,29.0,yes,0,0,Bus only,120,350,-8,64.8,5.9,42.9,5.9,7.1,40,15,low,72,5.2,Average,2,high,2026-05-14,Peninsula nearly surrounded by water; very high flood risk. Small residential community with above-average schools.,84.9,Hidden Gem,67,92,68,62,81,74,30,4.89
Newton,MA,Middlesex,02458,88923,AAA,3.31,76.3,3722.0,32,72,0.83,9800,184989.0,10.05,9,351,-15,69.0,95.5,34.7,yes,0,0,Subway,70,450,-12,55.3,2.6,80.7,3.3,4.7,5,3,low,86,8.6,Exceptional,0,high,2026-05-14,Very high non-residential tax base (~72%) keeps residential rates among the lowest in the state. Green Line D branch + Commuter Rail. Top-10 school district.,43.9,Market Rate,94,98,80,67,89,91,69,6.49
Waltham,MA,Middlesex,02451,63878,AA+,16.54,64.8,3843.0,,55,1.12,8200,116560.0,12.41,162,351,-15,30.0,74.5,22.7,yes,0,0,Commuter Rail (in town),180,800,-8,57.1,5.5,56.4,3.5,8.6,8,4,low,72,5.8,Strong,0,high,2026-05-14,Large commercial/biotech tax base along Route 128 corridor subsidizes residential rates. Fitchburg Line commuter rail.,61.3,Hidden Gem,62,82,58,71,86,91,69,6.18
Malden,MA,Middlesex,02148,66341,A+,10.06,62.1,953.0,,35,1.08,5800,95298.0,12.30,252,351,10,31.0,85.2,19.9,yes,0,0,Subway,250,750,-5,77.1,9.5,44.9,5.6,13.3,10,5,low,71,5.8,Strong,0,high,2026-05-14,Orange Line MBTA access. Diverse city with growing restaurant/retail scene. Schools below state average.,79.9,Hidden Gem,53,77,70,77,87,91,54,5.72
Everett,MA,Middlesex,02149,46451,A+,3.46,61.4,1909.0,,55,1.05,5500,79658.0,11.57,288,351,15,22.0,78.0,14.6,yes,0,0,Subway,280,700,-10,61.4,17.0,23.5,5.4,15.4,20,10,low,63,5.4,Average,0,high,2026-05-14,Encore Boston Harbor casino generates significant commercial tax revenue. Green Line Extension access. High flood risk near Mystic River.,72.9,Hidden Gem,35,77,70,65,78,91,40,6.65
Watertown,MA,Middlesex,02472,35939,AAA,16.09,67.9,3753.0,20,38,1.10,8500,123422.0,12.63,88,351,-20,51.0,87.6,22.3,yes,0,0,Bus only,100,500,-10,41.2,9.0,67.2,5.5,6.1,8,4,low,78,6.2,Strong,0,high,2026-05-14,Inner suburb with strong fiscal management and improving schools. Bus only — no rail in town. Charles River flood zone affects small portion.,56.9,Strong Value,78,92,65,74,84,74,69,6.81
Framingham,MA,Middlesex,01701,72362,AA,7.19,64.2,3438.0,,52,1.20,6800,98179.0,13.66,218,351,12,25.0,74.3,20.2,yes,0,0,Commuter Rail (in town),250,900,-6,,,49.4,4.4,11.0,10,5,low,65,4.8,Average,2,high,2026-05-14,Largest city in Middlesex County. Became a city in 2018. Strong commercial base along Route 9 and Mass Pike corridor. Worcester Line commuter rail.,69.3,Hidden Gem,49,72,65,70,62,91,54,5.86
Natick,MA,Middlesex,01760,36050,AAA,7.18,63.8,3928.0,18,45,1.08,8400,134591.0,12.30,58,351,-18,63.0,94.9,42.2,yes,0,0,Commuter Rail (in town),80,450,-10,41.4,8.9,69.4,3.0,5.6,8,3,low,81,6.6,Exceptional,0,high,2026-05-14,Natick Mall retail corridor provides strong commercial tax base. Top-60 school district. Worcester Line commuter rail.,64.1,Hidden Gem,86,92,70,70,84,91,69,5.76
Acton,MA,Middlesex,01720,23649,AAA,5.4,63.8,1272.0,15,22,1.65,13500,153338.0,18.82,13,351,-5,70.0,94.4,50.1,yes,0,0,Commuter Rail (in town),30,200,-5,38.7,7.5,77.6,5.2,3.4,5,2,low,82,4.4,Average,0,high,2026-05-14,Acton-Boxborough Regional district is top-15 in the state. High residential tax rate offset by very high incomes and very low crime. Fitchburg Line commuter rail.,59.8,Strong Value,91,96,45,79,88,91,75,5.48
Concord,MA,Middlesex,01742,17668,AAA,12.15,71.2,2443.0,22,20,1.35,13800,212315.0,14.52,11,351,-8,,96.8,27.3,yes,0,0,Commuter Rail (in town),50,350,-8,57.6,-1.2,79.1,4.0,2.5,12,6,low,82,5.6,Strong,1,high,2026-05-14,Concord-Carlisle Regional is top-15 in the state. Historic town with premium pricing. Concord River floodplain affects ~12% of land. Fitchburg Line commuter rail.,45.7,Market Rate,82,96,58,84,84,91,54,5.18
Stoneham,MA,Middlesex,02180,24255,AA,12.43,63.8,884.0,,26,1.12,7600,112635.0,13.26,118,351,-12,51.0,91.9,33.3,yes,0,0,Bus only,90,480,-8,48.0,6.9,54.0,3.1,4.6,5,2,low,79,6.0,Strong,0,high,2026-05-14,Solid suburban town with improving schools. Bus only — nearest MBTA rail at Malden Center (Orange Line). Generally good value relative to neighbors.,70.2,Hidden Gem,76,92,65,82,77,74,75,6.13
Quincy,MA,Norfolk,02169;02170;02171,101361,AA+,0.47,70.0,3158.0,15,34,1.21,6300,95711.0,12.09,185,351,-20,45.0,93.9,19.0,yes,0,0,Subway,175,870,-8,56.1,9.5,48.6,7.1,11.4,18,10,low,71,5.9,Strong,0,high,2026-05-14,"Split residential/commercial tax rate. Red Line MBTA: Quincy Center, Quincy Adams, North Quincy, JFK/UMass, Wollaston. Quincy Retirement System (~70% funded, own system). Tax rate estimated FY2025.",81.4,Hidden Gem,71,78,65,63,83,91,40,5.59
Braintree,MA,Norfolk,02184,38762,AAA,5.47,69.5,5089.0,15,33,1.01,6400,125305.0,10.06,75,351,3,59.0,95.5,30.8,yes,0,0,Subway,65,420,-5,53.1,7.5,47.1,3.7,5.2,4,1,low,82,8.2,Exceptional,0,high,2026-05-14,Red Line MBTA terminus (Braintree station). Major commercial base: South Shore Plaza. Norfolk County Retirement System (~69.5% funded). AAA bond rating.,78.5,Hidden Gem,83,96,75,64,88,91,83,5.11
Milton,MA,Norfolk,02186,28481,AAA,3.43,69.5,1341.0,20,13,1.26,11900,178053.0,12.55,37,351,10,71.0,95.9,36.4,yes,0,0,Bus only,38,175,-12,60.3,5.1,70.4,3.7,4.7,6,2,low,82,6.5,Exceptional,0,high,2026-05-14,AAA bond rating. Predominantly residential tax base (~13% non-res). Near Mattapan trolley border. School district ranked 37th of 351 statewide. Tax rate estimated FY2025.,51.8,Strong Value,85,98,65,74,93,74,75,5.45
Brookline,MA,Norfolk,02445;02446;02467,62822,AAA,5.31,76.0,7517.0,32,32,0.99,14400,140631.0,9.92,18,351,5,68.0,95.9,33.1,yes,0,0,Subway,72,580,-3,45.7,7.0,85.0,3.5,9.8,3,1,low,78,7.9,Exceptional,0,high,2026-05-14,"Green Line B/C/D access throughout town. Brookline Retirement System (~76% funded, own system). AAA bond rating. 32+ consecutive GFOA certificates. Tax rate estimated FY2025.",33.0,Premium Town,85,92,47,69,88,91,83,10.31
Dedham,MA,Norfolk,02026,25109,AA+,6.19,69.5,4543.0,10,29,1.35,9300,124375.0,13.47,174,351,-15,41.0,88.8,39.3,yes,0,0,Commuter Rail (in town),95,490,-5,46.8,0.8,55.1,3.6,4.6,12,5,low,73,5.4,Average,0,high,2026-05-14,"Needham Branch commuter rail: Dedham Corporate Center, Endicott. Legacy Place retail complex. Some Charles River/Mother Brook flood exposure. School rank slipped ~15 spots past decade. Tax rate estimated FY2025.",64.9,Hidden Gem,73,92,51,65,78,91,54,5.55
Needham,MA,Norfolk,02492;02494,32059,AAA,7.02,69.5,4016.0,20,22,1.06,13300,212241.0,10.60,14,351,5,71.0,97.9,30.9,yes,0,0,Commuter Rail (in town),28,230,-8,66.1,9.6,80.8,4.5,3.8,4,1,low,84,7.9,Exceptional,0,high,2026-05-14,"AAA bond rating. Needham Branch commuter rail: Needham Heights, Needham Center, Needham Junction. Route 9 tech corridor / Needham Business Park. Free cash consistently 7-10%. Top 4% of MA school districts.",41.2,Market Rate,89,96,70,70,95,91,83,5.89
Wellesley,MA,Norfolk,02481;02482,29906,AAA,13.12,69.5,3977.0,25,20,1.17,20400,250001.0,11.68,7,351,3,76.0,95.3,43.4,yes,0,0,Commuter Rail (in town),18,185,-10,57.1,4.9,87.1,3.4,3.2,3,1,low,83,7.1,Exceptional,0,high,2026-05-14,"AAA bond rating. Framingham/Worcester Commuter Rail: Wellesley Farms, Wellesley Hills, Wellesley Square. Free cash ~13% — among highest in MA. 7th of 351 school districts statewide. Home of Wellesley College.",29.1,Luxury Market,91,96,55,72,93,91,83,7.0
Weymouth,MA,Norfolk,02188;02189;02190;02191,57786,AA+,1.38,69.5,2749.0,12,24,1.10,5900,100077.0,11.04,196,351,-20,34.0,89.4,23.7,yes,0,0,Commuter Rail (in town),145,780,-5,46.9,6.3,43.0,4.9,7.7,18,8,low,71,6.4,Strong,0,high,2026-05-14,"Old Colony/Greenbush Commuter Rail: East Weymouth, South Weymouth, Weymouth Landing/East Braintree. Coastal and tidal river flood exposure. School rank declined ~20 spots past decade. Tax rate estimated FY2025.",82.1,Hidden Gem,62,88,70,61,77,91,44,5.3
Canton,MA,Norfolk,02021,24459,AAA,6.8,69.5,1676.0,18,30,0.98,7000,128341.0,9.75,60,351,5,59.0,94.8,34.1,yes,0,0,Commuter Rail (in town),48,290,-8,42.8,12.3,65.5,4.0,4.4,5,2,low,83,8.5,Exceptional,0,high,2026-05-14,"Lowest residential tax rate in Norfolk County (FY2025: $9.75). AAA bond rating. Providence/Stoughton Commuter Rail: Canton Center, Canton Junction. Strong commercial base along Route 138.",70.7,Hidden Gem,80,96,75,79,84,91,75,5.61
Norwood,MA,Norfolk,02062,31380,AA+,14.65,69.5,2966.0,8,37,0.98,5700,97110.0,9.82,229,351,-15,41.0,96.1,26.8,yes,0,0,Commuter Rail (in town),128,670,-3,27.8,9.3,53.1,3.5,8.2,10,4,low,76,7.7,Exceptional,0,high,2026-05-14,"Providence Commuter Rail: Norwood Depot, Norwood Central. Very high non-residential tax base (~37%) — Route 1, University Ave industrial corridor. Free cash FY2026: 14.65%. School rank declined ~15 spots past decade.",80.3,Hidden Gem,68,88,75,74,73,91,60,5.97
Hingham,MA,Plymouth,02043,24185,AAA,19.77,65.0,6334.0,28,10,1.07,12839,181017.0,10.69,13,351,5,74.0,94.9,31.2,yes,0,0,Commuter Rail (in town),65,54,-10,69.4,8.3,75.3,2.6,3.3,20,8,low,82,7.7,Exceptional,0,high,2026-05-14,"AAA rated (S&P and Moody's Aaa confirmed Jan 2025). Greenbush commuter rail: West Hingham and Nantasket Junction stations. 28 consecutive GFOA certificates. Plymouth County Retirement Association (~65% funded, estimated). 13th of 351 school districts statewide.",45.7,Market Rate,88,96,63,70,95,91,44,6.08
Duxbury,MA,Plymouth,02332,16110,AAA,5.61,65.0,4037.0,15,5,1.01,12182,171471.0,10.14,30,351,3,65.0,98.2,52.5,yes,0,0,None,73,17,-15,45.0,6.5,73.5,3.3,5.1,25,10,low,79,7.8,Exceptional,0,high,2026-05-14,AAA bond rating confirmed 2025. No commuter rail — nearest Greenbush stop is North Scituate (park-and-ride). Property crime 17/100k is among lowest in our dataset. Predominantly residential tax base (~5% non-res). Coastal flood exposure from barrier beach and multiple inlets.,49.4,Market Rate,89,98,63,67,89,62,30,5.72
Scituate,MA,Plymouth,02066,19145,AA+,6.36,65.0,6233.0,10,5,1.00,9544,131861.0,9.99,46,351,5,64.0,96.1,45.8,yes,0,0,Commuter Rail (in town),20,11,-12,33.1,5.3,66.7,3.5,2.4,35,15,low,77,7.7,Exceptional,0,high,2026-05-14,"AA+ bond rating confirmed. Greenbush commuter rail: North Scituate and Greenbush terminal stations. One of MA's most flood-prone coastal communities (~35% in FEMA hazard area, new maps added properties). Violent crime 20/100k among lowest in dataset.",55.5,Strong Value,82,98,63,62,81,91,30,6.45
Cohasset,MA,Plymouth,02025,8358,,1.94,65.0,3809.0,8,6,1.16,11025,187060.0,11.58,19,351,3,61.0,95.2,58.9,yes,0,0,Commuter Rail (in town),41,28,-10,58.8,5.3,72.5,3.5,2.9,22,10,low,76,6.6,Exceptional,1,high,2026-05-14,"Bond rating not publicly confirmed (small issuer, infrequent bonds). Greenbush commuter rail: Cohasset station. Top-5% school district (19th of 351). Very low crime. Coastal harbor flood exposure (~22%). Smallest town in dataset at 8,358 residents.",37.3,Premium Town,85,96,70,41,93,91,40,6.68
Norwell,MA,Plymouth,02061,11309,AAA,7.41,65.0,1545.0,12,15,1.31,12810,182637.0,13.07,30,351,8,64.0,97.4,42.1,yes,0,0,None,26,34,-8,60.3,7.1,65.3,2.4,3.1,5,2,low,81,6.2,Strong,0,high,2026-05-14,AAA bond rating maintained 15+ consecutive years (confirmed 2025). No commuter rail. Top 9% statewide schools (30th of 351) with improving trajectory. Very low crime. Inland — minimal flood risk. Route 53/Norwell Crossing commercial corridor.,58.4,Strong Value,83,96,55,82,95,62,75,4.65
Hanover,MA,Plymouth,02339,14800,AA,4.63,65.0,3143.0,10,18,1.24,9602,174821.0,12.35,52,351,10,55.0,96.6,34.8,yes,0,0,None,114,987,-5,76.1,5.5,56.5,6.8,5.7,5,2,low,78,6.3,Strong,0,high,2026-05-14,"Moody's Aa2 (AA equiv.) confirmed Feb 2025. No commuter rail — nearest Greenbush (Scituate) serves Hanover commuters via park-and-ride. Property crime 987/100k is inflated by Hanover Mall and Route 3/53 retail corridor, not residential crime. School district improving (52nd, up 10 spots).",72.5,Hidden Gem,82,84,74,67,96,62,75,3.78
Marshfield,MA,Plymouth,02050,25795,,5.22,65.0,4546.0,8,6,0.99,6700,125525.0,9.90,71,351,5,50.0,95.7,30.2,yes,0,0,None,100,245,-8,35.6,1.9,52.8,3.0,7.6,40,18,low,72,7.3,Exceptional,1,high,2026-05-14,FEMA confirmed: ~40% of buildings in Special Flood Hazard Area — one of the highest in MA. FEMA CRS Class 7 community. No commuter rail; Greenbush terminal (southern Scituate) is nearest access. Heavily residential tax base (~6% non-res). Lowest residential tax rate in Plymouth County dataset ($9.90).,69.0,Hidden Gem,77,92,75,52,78,62,30,5.1
Kingston,MA,Plymouth,02364,13782,,4.97,65.0,1662.0,8,11,1.30,8215,115863.0,12.97,168,351,-10,32.0,97.7,31.9,yes,0,0,Commuter Rail (in town),221,671,-5,40.2,8.8,48.7,2.2,2.9,12,5,low,72,5.6,Strong,1,high,2026-05-14,Part of Silver Lake Regional school district (Kingston + Halifax + Plympton; ranked 168th of 351). Old Colony commuter rail (Kingston/Plymouth Line) active at Kingston station. Kingston Collection mall on Route 3 provides modest commercial tax base.,84.9,Hidden Gem,72,82,55,64,84,91,54,4.49
Plymouth,MA,Plymouth,02360;02361,62656,,7.5,65.0,3503.0,12,21,1.27,8036,111975.0,12.69,187,351,-15,40.0,91.7,20.4,yes,0,0,Bus only,335,766,-5,46.2,10.0,45.0,6.0,6.1,20,8,low,66,5.2,Average,1,high,2026-05-14,"MBTA Plymouth station suspended indefinitely since April 5, 2021 — all Kingston/Plymouth Line trains terminate at Kingston. Bus only for Plymouth. School district ranked 187th, declining ~15 spots. Tourism economy (Plymouth Rock, Mayflower). Significant coastal and pond flood exposure.",74.9,Hidden Gem,66,70,61,60,79,74,44,4.82
Brockton,MA,Plymouth,02301;02302;02303,105080,A+,3.51,57.0,1527.0,15,25,1.21,5381,77089.0,12.11,332,351,-20,18.0,75.4,8.8,yes,0,0,Commuter Rail (in town),599,1346,-8,57.2,11.9,21.3,8.3,13.9,7,3,low,57,4.7,Average,0,high,2026-05-14,"Moody's A1 (A+ equiv.) confirmed. Own retirement system (Brockton Retirement System, ~57% funded, estimated). Old Colony commuter rail (Middleborough/Lakeville Line) and BAT local buses. School district 332/351 — bottom 6% statewide. Highest violent crime in our dataset (599/100k). Most affordable home prices in Plymouth County.",80.3,Hidden Gem,41,45,65,60,77,91,69,5.64
Lowell,MA,Middlesex,01850,115140,AA-,1.68,63.6,2592.0,0,30,1.22,5191,76205.0,11.48,278,348,0,21.0,80.2,6.9,yes,0,0,Commuter Rail (in town),533,1663,-10,54.1,6.8,29.9,5.4,16.0,4,5,low,56,4.9,Average,0,high,2026-05-14,Moody's upgraded to Aa3 Nov 2024 (S&P AA- equivalent). Lowell Line commuter rail terminus — direct to North Station. Lowell Contributory Retirement System ~63.6% funded (PERAC est.). Gateway City; UMass Lowell anchor. School district 278/348. Highest violent crime in this cohort (533/100k). Lowest home values and tax bill in this Middlesex group.,80.8,Hidden Gem,42,40,65,56,75,91,71,5.58
Chelmsford,MA,Middlesex,01824,37763,AAA,2.96,67.0,1821.0,0,22,1.39,8272,140519.0,13.90,80,351,5,60.0,96.0,19.6,yes,0,0,Bus only,28,42,-12,45.9,5.9,54.6,4.8,4.3,2,3,low,80,5.8,Strong,0,high,2026-05-14,S&P AAA confirmed June 2025 — highest possible rating. Middlesex County Retirement System (~67% actuarial). No in-town commuter rail; LRTA bus to Lowell Station. School district 80/351. Violent crime 74% below national average. Route 3 commercial corridor.,82.4,Hidden Gem,80,98,67,74,85,74,77,4.23
Billerica,MA,Middlesex,01821,43706,AA+,2.52,67.0,3504.0,0,28,1.00,6799,139706.0,11.37,147,348,0,45.0,96.2,25.7,yes,0,0,Commuter Rail (in town),34,39,-8,58.2,1.9,41.0,3.5,4.5,3,4,low,80,7.0,Exceptional,0,high,2026-05-14,S&P AA+ confirmed. North Billerica Station on MBTA Lowell Line. Middlesex County Retirement (~67% actuarial). Significant industrial tax base along Route 3 corridor. School district 147/348.,71.9,Hidden Gem,75,96,82,64,86,91,77,4.88
Tewksbury,MA,Middlesex,01876,33234,AA+,6.45,67.0,4798.0,0,22,1.29,7649,125966.0,13.22,117,348,5,43.0,93.4,33.5,yes,0,0,Bus only,52,117,-8,41.2,5.9,40.3,4.0,3.0,3,4,low,75,5.7,Strong,0,high,2026-05-14,AA+ bond rating (unconfirmed from primary source — based on local news snippet). Middlesex County Retirement (~67% actuarial). No in-town commuter rail; bus to Lowell. Tewksbury Memorial HS ranks 69/349 high schools (stronger than district overall rank suggests). Route 38 commercial corridor.,77.5,Hidden Gem,69,96,68,65,81,74,77,4.71
Wilmington,MA,Middlesex,01887,23125,AA,34.86,67.0,1469.0,0,35,0.99,7556,161473.0,11.45,84,351,5,56.0,93.4,28.3,yes,0,0,Commuter Rail (in town),61,79,-10,62.3,2.4,49.2,5.1,3.0,4,4,low,85,7.4,Exceptional,0,high,2026-05-14,Wilmington Station on MBTA Lowell Line. AA rating (est. from S&P portal — primary source blocked). Middlesex County Retirement (~67% actuarial). Large pharmaceutical/industrial tax base (35% non-res). School district 84/351. Shawsheen River flood exposure.,68.2,Hidden Gem,80,96,82,81,86,91,77,4.73
Melrose,MA,Middlesex,02176,27901,AA+,4.9,65.2,1716.0,15,12,0.99,8346,126854.0,9.90,45,351,5,55.0,97.6,44.6,yes,0,0,Commuter Rail (in town),101,430,-8,48.0,8.3,62.0,4.1,3.7,16,8,low,81,8.2,Exceptional,0,high,2026-05-14,S&P AA+ affirmed Sept 2023. Melrose Highlands and Melrose Cedar Park stations on MBTA Haverhill Line (~35 min to North Station). Also near Oak Grove Orange Line terminus. School district 45/351. Lowest residential rate in this group ($9.90). Flood risk elevated for inland city: ~16% of properties (First Street Foundation). Melrose Retirement System ~65.2% funded.,58.9,Strong Value,83,92,70,77,84,91,44,6.65
Ashland,MA,Middlesex,01721,18441,AAA,3.56,67.0,3143.0,0,15,1.28,7860,127106.0,12.77,71,351,5,55.0,91.5,26.4,yes,0,0,Commuter Rail (in town),93,665,-5,36.3,11.3,59.5,5.1,4.1,14,7,low,77,6.0,Strong,0,high,2026-05-14,S&P AAA confirmed 2021. Ashland Station on MBTA Framingham/Worcester Line. Middlesex County Retirement (~67% actuarial). School district 71/351. Property crime rate elevated vs. violent crime — retail-driven. Flood exposure ~14% (First Street). Growing tech/Indian-American community.,76.8,Hidden Gem,78,88,68,66,84,91,54,4.84
Marlborough,MA,Middlesex,01752,39414,AAA,3.58,67.0,3441.0,12,38,0.99,5620,95047.0,9.86,299,351,-5,23.0,90.7,20.6,yes,0,0,Commuter Rail (nearby),421,1036,-5,35.2,6.6,40.6,5.6,9.2,8,4,low,63,6.4,Strong,0,high,2026-05-14,"S&P AAA reaffirmed May 2022. Marlborough Contributory Retirement System (~67% est.). No in-town commuter rail — MWRTA shuttle to Southborough MBTA station. Major biotech/tech commercial base (Hologic, others — 38% non-res). School district 299/351 — bottom quarter. Violent crime elevated (421/100k). Lowest tax rate in this group at $9.86. Large Brazilian immigrant community (high ELL %).",67.8,Hidden Gem,45,58,75,66,77,84,69,6.0
Hudson,MA,Middlesex,01749,20047,AA,9.35,67.0,2829.0,0,28,1.39,7566,107202.0,13.88,200,351,0,32.0,87.4,35.5,yes,0,0,None,158,563,-5,49.0,3.6,47.3,4.5,4.7,10,5,low,66,4.8,Average,0,high,2026-05-14,"AA bond rating (est. — historical Moody's A1, believed upgraded). Middlesex County Retirement (~67% actuarial). No MBTA service of any kind — not in MBTA service area, nearest commuter rail is Southborough ~9 miles. MWRTA local bus only. School district 200/351. Assabet River flood exposure (~10%). Light industrial/commercial base.",74.2,Hidden Gem,56,82,51,73,77,62,54,5.08
Hopkinton,MA,Middlesex,01748,18786,AAA,13.2,67.0,4105.0,10,12,1.42,12432,204418.0,14.18,1,351,10,76.0,95.8,45.6,yes,0,0,Commuter Rail (nearby),84,243,-8,57.8,24.7,75.8,2.2,3.3,7,3,low,82,5.8,Strong,0,high,2026-05-14,"S&P AAA confirmed 2022. #1 ranked school district in Massachusetts (SchoolDigger 2025). No in-town commuter rail — MWRTA 495 Connector shuttle to Framingham/Worcester Line. Middlesex County Retirement (~67% actuarial). Marathon starting line town. Highest median tax bill in this group (~$12,400). Rapidly growing — adopted MBTA Communities zoning.",57.3,Strong Value,88,92,62,72,96,84,69,4.29
Walpole,MA,Norfolk,02081,25661,AA+,10.72,65.0,1726.0,0,18,1.21,7541,159720.0,12.83,47,351,0,51.0,95.8,30.6,yes,0,0,Commuter Rail (in town),68,130,-8,72.9,7.9,62.5,5.2,3.3,5,4,low,86,6.7,Exceptional,0,high,2026-05-14,AA+ bond rating. Franklin Line terminus (Walpole Station). Norfolk County Retirement (~65% actuarial). School district ~128/351. FY2025 rate $12.83.,85.0,Hidden Gem,83,96,77,82,92,91,69,3.88
Sharon,MA,Norfolk,02067,18598,AA,10.85,65.0,8304.0,12,8,1.75,11886,183724.0,17.48,23,351,5,72.0,95.7,33.4,yes,0,0,Commuter Rail (in town),32,68,-10,46.2,4.1,76.0,2.9,3.9,5,3,low,79,4.5,Average,0,high,2026-05-14,AAA bond rating. Providence/Stoughton Line commuter rail at Sharon station. Norfolk County Retirement (~65% actuarial). Top-10% school district (~32/351). Predominantly residential tax base (8% non-res). High tax rate ($17.48) reflects low commercial offset. GFOA award estimated.,71.2,Hidden Gem,85,96,55,65,89,91,69,3.7
Franklin,MA,Norfolk,02038,34155,AAA,2.97,65.0,2542.0,15,20,1.14,6723,142788.0,11.62,58,351,5,55.0,97.7,35.2,yes,0,0,Commuter Rail (in town),55,110,-8,43.9,3.1,56.4,5.1,5.5,5,4,low,82,7.1,Exceptional,0,high,2026-05-14,"AAA bond rating. Franklin Line commuter rail (Franklin/Dean College station). Norfolk County Retirement (~65% actuarial). School district ~62/351, improving. Low residential rate ($11.62) — one of lowest in Norfolk County. Fastest-growing town in Norfolk County over past decade.",85.2,Hidden Gem,81,96,77,69,85,91,69,4.13
Foxborough,MA,Norfolk,02035,18210,AA+,9.73,65.0,3694.0,0,45,1.32,7132,108559.0,13.22,72,351,0,48.0,95.0,30.4,yes,0,0,Commuter Rail (in town),72,118,-5,18.5,9.0,58.3,6.5,4.8,5,3,low,78,5.9,Strong,0,high,2026-05-14,AA+ bond rating. Providence/Stoughton Line at Foxboro station — service expanding but schedule is limited vs. main line. Patriot Place and Gillette Stadium generate ~45% non-residential tax base — among highest in Norfolk County — keeping residential rate low. Norfolk County Retirement (~65%). School district ~112/351.,88.6,Hidden Gem,80,96,62,68,73,91,69,4.97
Medfield,MA,Norfolk,02052,12916,Not rated,6.77,65.0,2327.0,10,8,1.38,12006,214801.0,13.80,17,351,5,72.0,96.7,35.8,yes,0,0,None,18,38,-10,60.4,6.5,76.3,3.8,2.3,8,5,low,79,5.7,Strong,0,high,2026-05-14,AAA bond rating. No commuter rail — nearest is Walpole or Route 128 stations. Norfolk County Retirement (~65%). Top-5% school district (~18/351). Violent crime among lowest in Norfolk County. Charles River corridor flood exposure (~8%). Predominantly residential tax base.,55.7,Strong Value,88,96,67,62,93,62,63,4.05
Westford,MA,Middlesex,01886,24006,AAA,4.85,67.0,1738.0,10,25,1.35,9853,181523.0,13.47,33,351,5,69.0,97.9,27.1,yes,0,0,None,22,62,-8,45.8,9.5,73.0,3.8,2.4,3,3,low,82,6.1,Strong,0,high,2026-05-14,AAA bond rating. No MBTA service — Route 495 tech corridor (significant commercial base). Middlesex County Retirement (~67%). Top-12% school district (~38/351). Very low crime. Strong Indian-American and tech-professional community. No commuter rail in town.,68.9,Hidden Gem,86,96,67,79,91,62,77,4.02
Weston,MA,Middlesex,02493,12165,AAA,10.62,67.0,9168.0,15,6,1.11,17982,250001.0,11.10,6,351,3,74.0,97.7,51.3,yes,0,0,None,12,32,-8,29.8,-0.8,84.4,2.7,4.3,3,2,low,79,7.1,Exceptional,0,high,2026-05-14,AAA bond rating. No commuter rail or MBTA access. Middlesex County Retirement (~67%). Top-2% school district (#5/351 — among highest-performing in MA). Lowest violent crime in this batch. Near-zero commercial tax base (6% non-res) — full levy on homeowners. Median home value ~$1.62M; median tax bill ~$18k.,29.9,Luxury Market,92,96,58,69,74,62,83,6.48
Dracut,MA,Middlesex,01826,32510,AA,13.35,67.0,2098.0,0,15,1.01,4352,111539.0,10.12,238,351,0,34.0,88.4,19.8,yes,0,0,Bus only,115,230,-5,42.7,8.0,35.2,4.7,6.6,5,4,low,77,7.6,Exceptional,0,high,2026-05-14,AA bond rating (est.). Bus only — LRTA connects to Lowell commuter rail. Middlesex County Retirement (~67%). School district ~238/351. Lowest residential tax rate in this batch ($10.12). Most affordable home values (~$430k). Adjacent to Lowell — similar transit access via LRTA.,109.8,Hidden Gem,59,92,85,78,79,74,69,3.86
Littleton,MA,Middlesex,01460,10116,AAA,15.54,67.0,2582.0,8,20,1.49,8247,146250.0,14.86,41,351,5,65.0,96.8,29.1,yes,0,0,Commuter Rail (in town),22,72,-8,38.7,12.3,61.0,4.8,6.0,5,4,low,84,5.7,Strong,0,high,2026-05-14,AAA bond rating. Fitchburg Line commuter rail at Littleton/Rte 495 station. Middlesex County Retirement (~67%). Above-average schools (~77/351). Very low crime. Route 495 commercial corridor (20% non-res). Smallest population in this batch (~10k).,92.8,Hidden Gem,85,96,67,80,88,91,69,3.79
Stoughton,MA,Norfolk,02072,31012,AA,7.6,65.0,3470.0,0,22,1.24,5881,104164.0,12.38,197,351,0,38.0,88.6,18.9,yes,0,0,Commuter Rail (in town),195,360,-8,40.3,5.6,41.0,5.0,9.2,8,5,low,74,6.0,Strong,0,high,2026-05-14,"AA bond rating (est.). Providence/Stoughton Line commuter rail at Stoughton station. Norfolk County Retirement (~65%). School district ~212/351 — below average. Elevated violent crime for the region. Affordable homes (~$475k) and below-average tax bills ($5,881).",95.5,Hidden Gem,63,86,74,70,77,91,63,4.56
Shrewsbury,MA,Worcester,01545,37667,AAA,7.56,73.0,3651.0,,15.0,1.18,7900,136225.0,13.15,43,351,,59.0,94.5,26.5,yes,0,0,Bus only,80.0,850.0,,47.9,7.2,65.6,2.9,3.8,2.0,0.8,low,80,6.1,Strong,2,high,2026-05-14,Bond AA estimated — verify EMMA. Pension: Shrewsbury Retirement Board — verify PERAC. Crime estimated from MA EOPSS Worcester County data.,92.5,Hidden Gem,85,81,74,76,88,74,88,3.89
Westborough,MA,Worcester,01581,18272,AA+,9.79,71.0,3974.0,,30.0,1.22,9200,134474.0,13.87,29,351,,63.0,95.4,29.3,yes,0,0,Commuter Rail (in town),50.0,600.0,,33.3,17.5,66.0,4.2,5.0,1.5,0.5,low,82,5.9,Strong,2,high,2026-05-14,Bond AA+ estimated — verify EMMA. Pension: Westborough Retirement Board — verify PERAC. Commuter Rail: Framingham/Worcester Line (Westborough station). Large I-495 commercial corridor lowers residential burden.,81.1,Hidden Gem,85,90,68,73,85,91,94,4.61
Northborough,MA,Worcester,01532,15707,Not rated,6.55,70.0,1291.0,,20.0,1.20,8100,174358.0,13.30,83,351,,,,,yes,0,0,None,30.0,450.0,,60.8,8.0,67.4,5.9,3.6,1.5,0.5,low,78,5.9,Strong,4,medium,2026-05-14,Bond AA estimated — verify EMMA. Pension: Worcester Regional Retirement — verify PERAC. School district is Northborough-Southborough Regional (Algonquin Regional HS). Rank estimated — verify DESE.,80.4,Hidden Gem,66,94,80,69,95,62,94,3.41
Grafton,MA,Worcester,01519,20167,AA-,7.91,68.0,4275.0,,12.0,1.28,7100,124548.0,14.20,85,351,,63.0,93.6,27.0,yes,0,0,Commuter Rail (in town),60.0,550.0,,43.0,10.5,53.6,4.6,6.4,2.5,1.0,low,81,5.7,Strong,2,high,2026-05-14,Bond AA- estimated — verify EMMA. Pension: Worcester Regional Retirement — verify PERAC. Commuter Rail: Framingham/Worcester Line (Grafton station). Blackstone River corridor adds modest flood exposure.,97.4,Hidden Gem,83,94,74,64,84,91,83,4.09
Milford,MA,Worcester,01757,29079,AAA,4.05,65.0,1333.0,,17.0,1.40,6200,92726.0,15.18,294,351,,31.0,79.7,29.0,yes,0,0,None,150.0,1200.0,,39.8,7.8,33.7,4.8,8.3,3.0,1.2,low,65,4.3,Average,2,high,2026-05-14,Bond A+ estimated — verify EMMA. Pension: Milford Retirement Board — verify PERAC. No commuter rail; bus service only. Crime rates higher than surrounding suburbs — verify FBI CDE / MA EOPSS.,89.5,Hidden Gem,43,76,62,79,73,62,83,4.8
Mansfield,MA,Bristol,02048,24112,AA+,2.52,65.0,2302.0,,25.0,1.12,7400,131409.0,12.44,88,351,,50.0,96.7,31.6,yes,0,0,Commuter Rail (in town),90.0,900.0,,40.5,2.4,51.5,3.2,4.8,2.0,0.8,low,78,6.3,Strong,2,high,2026-05-14,"Bond AA estimated — verify EMMA. Pension: Bristol County Retirement (~65%) — verify PERAC. Commuter Rail: Providence/Stoughton Line (Mansfield station, in town). Mansfield Crossing commercial corridor anchors non-residential base.",90.2,Hidden Gem,80,81,74,70,78,91,88,4.03
Easton,MA,Bristol,02356,24558,Not rated,1.81,65.0,6820.0,,15.0,1.16,8500,121458.0,12.85,68,351,,57.0,98.0,30.5,yes,0,0,None,40.0,500.0,,29.3,7.5,52.1,4.6,6.6,2.0,0.8,low,72,5.6,Strong,2,high,2026-05-14,"Bond AA estimated — verify EMMA. Pension: Bristol County Retirement (~65%) — verify PERAC. No commuter rail; nearest stations Mansfield or Stoughton. Low crime, strong schools relative to Bristol County peers.",72.4,Hidden Gem,84,94,65,38,78,62,88,5.02
North Attleborough,MA,Bristol,02760,29639,AA+,5.4,63.0,1760.0,,23.0,1.05,5800,109426.0,11.63,151,351,,51.0,92.4,30.5,yes,0,0,Commuter Rail (in town),130.0,1100.0,,,,46.8,5.8,5.4,3.0,1.2,low,77,6.6,Exceptional,4,medium,2026-05-14,Bond AA- estimated — verify EMMA. Pension: North Attleborough Retirement Board — verify PERAC. Commuter Rail: Providence/Stoughton Line (North Attleborough station). Low tax rate offset by below-average schools and elevated crime vs. town peers.,109.8,Hidden Gem,73,81,78,77,62,91,83,3.93
Medway,MA,Norfolk,02053,13323,AAA,9.71,75.0,3835.0,,10.0,1.20,8000,174357.0,13.30,47,351,,62.0,93.2,41.4,yes,0,0,None,30.0,400.0,,64.3,3.0,61.9,4.1,3.1,2.5,1.0,low,83,6.2,Strong,2,high,2026-05-14,"Bond AA estimated — verify EMMA. Pension: Norfolk County Retirement (~75%) — verify PERAC. No commuter rail; primarily car-dependent. Low crime, quiet residential character. Charles River watershed adds minor flood exposure.",89.3,Hidden Gem,85,94,80,76,93,62,83,3.27
Millis,MA,Norfolk,02054,8163,A+,8.28,75.0,5326.0,,8.0,1.24,7400,149021.0,13.74,93,351,,48.0,96.3,38.7,yes,0,0,None,25.0,350.0,,63.1,9.4,50.7,3.8,4.9,3.0,1.2,low,79,5.7,Strong,2,high,2026-05-14,"Bond A+ estimated — verify EMMA. Pension: Norfolk County Retirement (~75%) — verify PERAC. No commuter rail. Small, predominantly residential town. Stop River watershed adds minor flood exposure. Very low crime.",93.1,Hidden Gem,80,94,80,64,92,62,83,3.49
Sudbury,MA,Middlesex,01776,19067,AAA,7.47,64.6,1568.0,,8.5,1.37,14375,234634.0,13.69,13,351,,73.0,,,yes,0,0,None,18.0,215.0,,37.3,6.4,84.4,5.0,2.6,3.0,1.5,low,81,5.9,Strong,3,high,2026-05-14,"Affluent MetroWest; K-8 MCAS math 73%, HS is Lincoln-Sudbury Regional (grad 98%, AP 29.7%). Bond AA estimated. Pension: Middlesex County Retirement (~64.6%).",47.3,Market Rate,84,94,62,82,89,62,83,4.48
Westwood,MA,Norfolk,02090,16213,AAA,13.36,66.9,2043.0,,12.0,1.44,15131,205000.0,14.41,21,351,,76.0,98.6,51.2,yes,0,0,Commuter Rail (in town),25.0,195.0,,58.9,10.2,71.0,1.8,5.0,0.5,0.5,low,84,5.8,Strong,2,high,2026-05-14,Providence/Stoughton commuter rail (Islington + Route 128 stations). Top-12 district. Bond AA estimated. Pension: Norfolk County Retirement (~66.9%).,49.0,Market Rate,89,94,51,82,95,91,94,5.12
Holliston,MA,Middlesex,01746,14964,AAA,3.39,64.6,520.0,,9.0,1.51,8770,154684.0,15.12,56,351,,65.0,95.1,28.5,yes,0,0,None,45.0,385.0,,40.2,8.3,65.7,5.0,3.2,1.5,0.8,low,80,5.3,Average,2,high,2026-05-14,MetroWest suburb; no commuter rail. Bond not rated. Pension: Middlesex County Retirement (~64.6%).,84.6,Hidden Gem,86,94,60,76,88,62,94,3.75
Bedford,MA,Middlesex,01730,14343,AAA,12.73,64.6,3919.0,,22.0,1.37,10283,158964.0,13.71,20,351,,70.0,98.7,34.7,yes,0,0,Bus only,55.0,380.0,,47.6,5.8,69.4,5.5,4.1,1.0,0.5,low,81,5.9,Strong,2,high,2026-05-14,Hanscom AFB drives 22% non-res tax base; stabilizes fiscal picture. Bond AA+ estimated. Pension: Middlesex County Retirement (~64.6%).,66.2,Hidden Gem,89,94,62,72,85,74,94,4.72
Randolph,MA,Norfolk,02368,34683,A+,12.31,66.9,1391.0,,15.0,1.44,6462,103129.0,14.36,312,351,,22.0,85.9,26.9,yes,0,0,Bus only,340.0,1100.0,,,,34.7,7.9,7.4,2.0,1.0,low,61,4.2,Average,4,medium,2026-05-14,Most diverse Norfolk County town; affordable entry. Bond A+ estimated. Pension: Norfolk County Retirement (~66.9%). Crime above MA average.,83.1,Hidden Gem,42,63,62,75,62,74,83,4.36
Pembroke,MA,Plymouth,02359,18335,AA,5.18,68.4,1236.0,,7.0,1.35,6865,141332.0,13.46,145,351,,38.0,95.4,35.5,yes,0,0,Limited,90.0,700.0,,62.7,2.3,45.7,3.0,4.3,3.0,1.5,low,76,5.6,Strong,2,high,2026-05-14,Growing South Shore suburb. Bond not rated. Pension: Plymouth County Retirement (~68.4%).,91.4,Hidden Gem,72,86,70,75,86,67,83,3.61
Northbridge,MA,Worcester,01534,16358,AA+,6.28,56.2,1878.0,,8.0,1.50,6283,103355.0,14.96,236,351,,37.0,84.7,16.5,yes,0,0,None,75.0,600.0,,55.3,3.2,34.9,6.7,8.2,2.5,1.0,low,70,4.7,Average,2,high,2026-05-14,Growing Worcester County town along Blackstone River. Bond not rated. Pension: Worcester Regional Retirement (~56.2%).,102.2,Hidden Gem,60,90,55,72,81,62,83,4.06
Wrentham,MA,Norfolk,02093,12305,AA-,8.87,66.9,649.0,,14.0,1.26,7440,147930.0,12.61,83,351,,66.0,,,yes,0,0,Commuter Rail (nearby),35.0,350.0,,47.1,11.3,53.7,6.2,5.7,1.5,0.8,low,83,6.6,Exceptional,3,high,2026-05-14,"Near Franklin commuter rail. Premium Outlets drive 14% non-res base. K-8 MCAS math 66%; HS is King Philip Regional (grad 95.3%, AP 38.1%). Bond AA- estimated. Pension: Norfolk County Retirement (~66.9%).",86.2,Hidden Gem,79,94,74,78,88,84,94,3.99
Maynard,MA,Middlesex,01754,10663,Not rated,2.17,64.6,4083.0,,11.0,1.78,8717,119549.0,17.79,169,351,,50.0,91.8,41.1,yes,0,0,None,115.0,750.0,,54.0,4.4,64.2,4.9,7.4,2.5,1.2,low,67,3.8,Below Average,2,high,2026-05-14,Small MetroWest mill town; higher residential rate reflects limited commercial base. DFCU HQ here. Bond not rated. Pension: Middlesex County Retirement (~64.6%).,83.8,Hidden Gem,73,86,48,47,86,62,83,4.1
Tyngsborough,MA,Middlesex,01879,12424,AA+,1.0,64.6,1314.0,,10.0,1.45,6936,144375.0,14.45,126,351,,42.0,97.1,23.0,yes,0,0,None,55.0,420.0,,58.7,6.4,49.7,3.7,4.8,4.0,2.0,low,77,5.3,Average,2,high,2026-05-14,Growing Merrimack Valley border town. Flood risk elevated from Merrimack River. Bond not rated. Pension: Middlesex County Retirement (~64.6%).,98.3,Hidden Gem,73,94,73,66,90,62,83,3.32
Barnstable,MA,Barnstable,02601;02630;02632;02655;02672,48916,Not rated,15.38,66.5,2221.0,,12.0,0.694,3990,97348,6.94,221,351,,28.0,82.9,28.3,yes,0,0,Bus only,180.0,1400.0,,61.9,9.5,42.3,3.3,7.1,18.0,8.0,low,68,9.8,Exceptional,2,high,2026-05-14,"Cape Cod's largest town and county seat. Hyannis is the urban core with ferry service to Nantucket and MVY. Bond not rated -- verify EMMA. Pension: Barnstable County Retirement (~66.5% est, verify PERAC). Schools #221 of 351 (barnstable district). High crime reflects Hyannis urban concentration. CCRTA bus. Flood risk from coastal/low-lying areas.",71.9,Hidden Gem,56,65,84,68,83,74,44,5.96
Falmouth,MA,Barnstable,02540;02543;02556,32517,Not rated,10.43,66.5,4102.0,,8.0,0.587,3874,85000,5.87,144,351,,43.0,91.0,28.1,yes,0,0,None,120.0,900.0,,50.5,4.0,51.8,5.6,9.0,22.0,9.0,low,71,12.1,Exceptional,2,high,2026-05-14,"Large Cape town adjacent to Woods Hole (ferries to MVY, WHOI). 68 miles of coastline. Bond not rated -- verify EMMA. Pension: Barnstable County Retirement (~66.5% est). Schools #144 of 351 (falmouth district). Highest flood risk in this batch after Chatham.",65.9,Hidden Gem,70,81,84,57,75,62,44,7.76
Sandwich,MA,Barnstable,02563,20259,Not rated,4.08,66.5,1831.0,,6.0,1.057,6078,121038,10.57,101,351,,56.0,89.4,37.3,yes,0,0,None,55.0,480.0,,43.8,-0.9,49.6,3.3,6.4,12.0,5.0,low,77,7.3,Exceptional,2,high,2026-05-14,"Strongest school district on Cape Cod (#101 of 351, sandwich district). Higher tax rate (1.057%) reflects residential-heavy base with minimal commercial development. Oldest incorporated town in Barnstable County. Bond not rated -- verify EMMA. Pension: Barnstable County Retirement (~66.5% est).",82.1,Hidden Gem,81,94,78,64,73,62,54,4.75
Yarmouth,MA,Barnstable,02664;02673;02675,25023,Not rated,7.02,66.5,830.0,,15.0,0.708,3469,81985,7.08,204,351,,34.0,89.7,33.7,yes,0,0,None,150.0,1100.0,,54.4,5.8,40.4,6.2,7.7,16.0,7.0,low,71,10.0,Exceptional,2,high,2026-05-14,Shares Dennis-Yarmouth Regional district (#204 of 351) with Dennis. Most affordable home prices among mid-Cape towns. Route 28 commercial corridor supports 15% non-res base. Crime elevated for Cape standards. Bond not rated -- verify EMMA. Pension: Barnstable County Retirement (~66.5% est).,88.8,Hidden Gem,59,81,84,70,75,62,44,5.98
Dennis,MA,Barnstable,02638;02639;02641;02660;02670,14674,Not rated,6.74,66.5,1416.0,,18.0,0.433,2252,88183,4.33,204,351,,34.0,89.7,33.7,yes,0,0,None,80.0,800.0,,74.0,4.5,42.6,4.0,7.8,16.0,7.0,low,72,16.6,Exceptional,2,high,2026-05-14,"Lowest residential tax rate on Cape Cod (0.433%) due to very high property values and 18% commercial base. Shares Dennis-Yarmouth Regional district (#204 of 351) with Yarmouth. Highly seasonal character (Dennis Port, South Dennis). Bond not rated -- verify EMMA. Pension: Barnstable County Retirement (~66.5% est).",84.9,Hidden Gem,59,86,94,64,75,62,44,5.9
Harwich,MA,Barnstable,02645;02646,13440,Not rated,4.82,66.5,2027.0,,8.0,0.591,3782,87948,5.91,127,351,,51.0,97.4,39.2,yes,0,0,None,45.0,490.0,,39.8,10.5,46.6,5.1,4.5,13.0,6.0,low,76,12.9,Exceptional,2,high,2026-05-14,"Shares Monomoy Regional district (#127 of 351, 97.4% grad rate) with Chatham. Among safest Cape Cod towns by crime rate. Stronger schools than most Cape towns. Bond not rated -- verify EMMA. Pension: Barnstable County Retirement (~66.5% est).",72.8,Hidden Gem,76,94,84,62,73,62,54,7.28
Chatham,MA,Barnstable,02633,6594,Not rated,7.69,66.5,13231.0,,10.0,0.347,4858,86674,3.47,127,351,,51.0,97.4,39.2,yes,0,0,None,146.0,511.0,,33.5,8.2,63.1,5.0,9.1,28.0,12.0,low,71,20.5,Exceptional,2,high,2026-05-14,"Most prestigious and expensive Cape Cod address. Lowest tax rate in batch (0.347%) due to very high home values. Highest flood risk on Cape (28% / +12pts 2050). Shares Monomoy Regional (#127, 97.4% grad) with Harwich. Violent crime 146/100k likely reflects small permanent population denominator with seasonal incidents. Bond not rated -- verify EMMA. Pension: Barnstable County Retirement (~66.5% est).",31.1,Premium Town,76,90,72,52,73,62,30,16.15
Brewster,MA,Barnstable,02631,10318,Not rated,5.83,66.5,2064.0,,6.0,0.688,4678,95000,6.88,108,351,,60.0,96.1,37.6,yes,0,0,None,35.0,340.0,,56.7,5.9,52.4,8.3,10.8,10.0,4.5,low,77,11.2,Exceptional,2,high,2026-05-14,"Quietest and safest Upper Cape town. Nauset Regional for 6-12 (#108 of 351, 96.1% grad); Brewster Elementary (K-5) has 60% MCAS math. Lowest crime in batch. Lowest flood risk in batch. Direct Cape Cod National Seashore beach access. Bond not rated -- verify EMMA. Pension: Barnstable County Retirement (~66.5% est). Math_pct reflects K-5 Brewster Elementary MCAS (60%), not Nauset Regional.",69.4,Hidden Gem,78,94,80,62,81,62,60,7.16
Orleans,MA,Barnstable,02653,6307,Not rated,6.84,66.5,6298.0,,12.0,0.624,4867,90000,6.24,108,351,,44.0,96.1,37.6,yes,0,0,None,153.0,749.0,,63.8,7.9,59.0,3.1,10.8,20.0,9.0,low,70,11.2,Exceptional,2,high,2026-05-14,"Small Outer Cape town at Cape Cod's 'elbow'. Nauset Regional for 6-12 (#108 of 351, 96.1% grad); Orleans Elementary (K-5) is standalone. Violent crime rate (153/100k) elevated -- likely small permanent pop denominator with seasonal incidents (confirmed via areavibes). Bond not rated -- verify EMMA. Pension: Barnstable County Retirement (~66.5% est).",55.0,Strong Value,72,86,77,49,77,62,44,8.67
Mashpee,MA,Barnstable,02649,15060,Not rated,11.93,66.5,916.0,,8.0,0.642,3595,90000,6.42,142,351,,39.0,89.7,38.9,yes,0,0,None,75.0,560.0,,50.6,8.8,44.2,5.1,5.0,15.0,6.0,low,76,11.8,Exceptional,2,high,2026-05-14,"Fastest-growing Cape Cod town. Mashpee Commons is largest mixed-use development on Cape. Wampanoag Tribal government HQ. Schools #142 of 351 (mashpee district, 89.7% grad). Bond not rated -- verify EMMA. Pension: Barnstable County Retirement (~66.5% est).",83.2,Hidden Gem,70,90,87,71,77,62,44,6.22
Worcester,MA,Worcester,01601;01602;01603;01604;01605;01606;01607;01608;01609,205501,Not rated,0.68,65.0,3847.0,,30.0,1.327,4114,67544,13.27,330,351,,23.0,85.5,21.8,yes,0,0,Commuter Rail (in town),550.0,2800.0,,47.1,13.0,34.1,6.4,19.8,3.0,1.0,low,49,3.7,Below Average,2,high,2026-05-14,MA's second-largest city. Framingham/Worcester Line MBTA terminus at Union Station. Schools #330 of 351 (23% MCAS math). Worcester Retirement System (own pension ~65% est -- verify PERAC). Bond not rated -- likely rated; verify EMMA. Large commercial/industrial base (30% non-res). High crime reflects urban density.,96.9,Hidden Gem,42,27,62,41,63,91,83,4.59
Leominster,MA,Worcester,01453,43697,Not rated,6.41,65.0,745.0,,20.0,1.450,5438,81556,14.50,240,351,,35.0,90.9,8.6,yes,0,0,Commuter Rail (in town),300.0,1800.0,,38.6,6.9,32.3,5.7,10.1,4.0,1.5,low,65,4.5,Average,2,high,2026-05-14,Mid-sized city on Fitchburg commuter rail line ('Pioneer Plastics City'). Solid free cash (9.2%) and very low debt per capita ($907). Schools #240 of 351. Own city retirement system (~65% est -- verify PERAC). Bond not rated -- verify EMMA.,106.3,Hidden Gem,63,54,62,66,71,91,83,4.6
Fitchburg,MA,Worcester,01420;01430,41633,Not rated,3.33,65.0,2156.0,,18.0,1.764,5468,70659,17.64,325,351,,20.0,84.8,13.3,yes,0,0,Commuter Rail (in town),600.0,2500.0,,55.8,3.2,24.5,6.9,15.5,5.0,2.0,low,50,2.8,Poor,2,high,2026-05-14,Fitchburg Line MBTA terminus. Highest res rate in this batch (17.64) despite low home values -- constrained commercial base. Schools #325 of 351 (20% MCAS math). Own city retirement system (~65% est -- verify PERAC). Strong income growth (+56% over 10 yrs). Bond not rated -- verify EMMA.,98.9,Hidden Gem,42,27,48,57,65,91,75,4.39
Auburn,MA,Worcester,01501,16840,Not rated,14.88,67.0,1761.0,,15.0,1.364,5456,100786,13.64,155,351,,47.0,92.3,29.5,yes,0,0,None,100.0,800.0,,37.6,3.7,42.0,3.9,4.5,5.0,2.0,low,73,5.4,Average,2,high,2026-05-14,"Directly adjacent to Worcester on Route 20. Exceptional fiscal reserves (25.7% free cash -- top 5% in MA). Schools #155 of 351 (47% MCAS math, 92.3% grad). Worcester County Retirement (~67% est). Bond not rated -- verify EMMA. Worcester Union Station is nearest commuter rail (~8 mi).",111.9,Hidden Gem,73,86,67,69,77,62,75,3.97
Holden,MA,Worcester,01520,19885,Not rated,6.66,67.0,2252.0,,10.0,1.238,6066,142880,12.38,125,351,,56.0,93.9,24.3,yes,0,0,None,35.0,500.0,,50.0,13.4,57.6,5.5,4.0,4.0,1.5,low,79,6.4,Strong,2,high,2026-05-14,"Fast-growing western suburb of Worcester (pop +13% over 10 yrs). Wachusett Regional School District (#125 of 351, 56% MCAS math, 93.9% grad). High median income ($143k). Worcester County Retirement (~67% est). Bond not rated -- verify EMMA. DISTRICT_MAP: wachusett.",98.8,Hidden Gem,78,94,80,62,92,62,83,3.43
Southborough,MA,Worcester,01772,10441,Not rated,5.61,67.0,2941.0,,8.0,1.501,11858,192006,15.01,83,351,,74.0,97.7,39.6,yes,0,0,Commuter Rail (in town),25.0,400.0,,33.7,6.5,75.7,4.1,3.8,3.0,1.0,low,78,5.2,Average,2,high,2026-05-14,"One of central MA's wealthiest towns ($192k median income). Framingham/Worcester Line commuter rail station. Algonquin Regional HS via Northborough-Southborough district (#83 of 351, 97.7% grad, 39.6% AP). math_pct=74 is Southborough Elementary K-5 MCAS; MATH_OVERRIDE set. Worcester County Retirement (~67% est). Bond not rated -- verify EMMA.",60.5,Hidden Gem,87,94,55,56,89,91,83,4.11
Sutton,MA,Worcester,01590,9383,Not rated,9.46,67.0,2815.0,,6.0,1.600,9600,156215,16.00,130,351,,42.0,94.2,52.1,yes,0,0,None,20.0,300.0,,41.5,4.0,47.0,1.8,4.5,4.0,1.5,low,73,4.6,Average,2,high,2026-05-14,Rural but growing town south of Worcester. Lowest violent crime in Worcester batch. Very low unemployment (1.8%). High AP participation (52.1%) reflects strong academic culture. Worcester County Retirement (~67% est). Bond not rated -- verify EMMA.,73.4,Hidden Gem,72,94,55,62,85,62,83,3.9
Upton,MA,Worcester,01568,8095,Not rated,12.62,67.0,758.0,,5.0,1.600,10080,155952,16.00,110,351,,50.0,93.8,38.5,yes,0,0,None,30.0,350.0,,47.5,6.9,52.8,5.6,2.5,4.0,1.5,low,75,4.7,Average,2,high,2026-05-14,"Small high-income town on Norfolk/Worcester border ($156k median). Mendon-Upton district (#110 of 351, 93.8% grad, 38.5% AP). Very low debt per capita ($935). Worcester County Retirement (~67% est). Bond not rated -- verify EMMA. DISTRICT_MAP: mendon-upton.",71.8,Hidden Gem,75,94,55,71,85,62,83,4.1
Millbury,MA,Worcester,01527,13899,Not rated,5.38,67.0,1400.0,,20.0,1.200,5160,116000,12.00,185,351,,39.0,93.8,22.4,yes,0,0,None,100.0,700.0,,61.8,4.7,33.4,3.8,3.9,5.0,2.0,low,73,6.1,Strong,2,high,2026-05-14,Affordable suburb adjacent to Worcester. Strong income growth (+62% over 10 yrs). Industrial heritage (20% non-res base) keeps res rates lower than comparable Worcester County towns. Schools #185 of 351. Worcester County Retirement (~67% est). Bond not rated -- verify EMMA.,104.1,Hidden Gem,65,86,77,64,86,62,75,3.71
Leicester,MA,Worcester,01524,11076,Not rated,4.35,67.0,813.0,,8.0,1.630,5950,95776,16.30,220,351,,37.0,91.0,16.1,yes,0,0,None,80.0,600.0,,34.8,0.0,29.4,2.3,3.4,5.0,2.0,low,68,4.2,Average,2,high,2026-05-14,Rural town west of Worcester. Very low unemployment (2.3%). Flat 10-yr population growth (0%). Schools #220 of 351. Worcester County Retirement (~67% est). Bond not rated -- verify EMMA. No transit.,114.2,Hidden Gem,63,86,55,66,73,62,75,3.81
Attleboro,MA,Bristol,02703,46499,Not rated,5.25,68.0,3596.0,,20.0,1.337,5816,93266,13.37,200,351,,38.0,92.2,18.6,yes,0,0,Commuter Rail (in town),250.0,1500.0,,39.1,6.5,33.7,4.5,9.2,5.0,2.0,low,64,4.8,Average,2,high,2026-05-14,"Mid-sized city on Providence/Stoughton MBTA commuter rail line. Strong free cash (9.5%). Schools #200 of 351 (38% MCAS math, 92.2% grad). Bristol County Retirement (~68% est -- verify PERAC). Bond not rated -- verify EMMA.",90.2,Hidden Gem,63,60,62,56,71,91,75,4.66
Taunton,MA,Bristol,02718;02780,59719,Not rated,8.4,68.0,2631.0,,22.0,1.487,5874,79715,14.87,285,351,,24.0,89.0,18.0,yes,0,0,Commuter Rail (in town),380.0,2000.0,,54.4,6.7,24.4,5.6,13.7,10.0,4.0,low,57,3.8,Below Average,2,high,2026-05-14,Largest city in Bristol County. South Coast Rail (opened Aug 2023) to South Station. Schools #285 of 351. Elevated crime. Taunton River flood risk affects low-lying areas. Bristol County Retirement (~68% est). Bond not rated -- verify EMMA. Strong income growth (+54% over 10 yrs).,88.5,Hidden Gem,45,47,55,62,75,91,60,4.96
New Bedford,MA,Bristol,02740;02744;02745;02746,100731,Not rated,1.93,68.0,2510.0,,25.0,1.437,4239,56025,14.37,338,351,,17.0,79.9,13.6,yes,0,0,Commuter Rail (in town),600.0,2600.0,,55.6,6.1,16.8,7.6,19.9,15.0,7.0,low,46,3.2,Below Average,2,high,2026-05-14,"Third-largest city in MA. South Coast Rail (Aug 2023) to South Station. Historic whaling city / active working port. Schools #338 of 351 (17% MCAS math, 79.9% grad). High crime. Coastal flood risk (15%). Very low free cash (2.0%) is fiscal stress flag. Bristol County Retirement (~68% est). Bond not rated -- verify EMMA.",95.6,Hidden Gem,38,27,51,48,65,91,44,5.27
Fall River,MA,Bristol,02720;02721;02723;02724;02725,93764,Not rated,3.68,68.0,3771.0,,20.0,1.282,3461,53933,12.82,342,351,,18.0,76.8,17.4,yes,0,0,Commuter Rail (in town),700.0,2400.0,,62.4,5.6,16.8,8.1,20.9,10.0,5.0,low,47,3.7,Below Average,2,high,2026-05-14,"Fourth-largest city in MA. South Coast Rail (Aug 2023) to South Station via Fall River Depot. Schools #342 of 351 (18% MCAS math, 76.8% grad). Highest violent crime in this batch. Very low free cash (1.8%) -- fiscal stress flag. Lowest home prices in batch (~$270k). Bristol County Retirement (~68% est). Bond not rated -- verify EMMA.",106.7,Hidden Gem,38,19,65,47,65,91,54,5.01
Dartmouth,MA,Bristol,02747;02748,32621,Not rated,7.08,68.0,1268.0,,15.0,0.994,4622,98662,9.94,160,351,,45.0,92.4,33.7,yes,0,0,None,80.0,600.0,,45.1,-4.9,38.5,4.2,6.0,12.0,5.0,low,74,7.4,Exceptional,2,high,2026-05-14,"Coastal suburban town south of New Bedford on Buzzards Bay. Lowest res tax rate in Bristol batch (9.94). Solid schools (#160 of 351, 92.4% grad). Negative 10-yr pop growth (-4.9%) is unusual -- verify Census. UMass Dartmouth campus. Bristol County Retirement (~68% est). Bond not rated -- verify EMMA.",97.6,Hidden Gem,73,86,82,68,68,62,54,4.71
Norton,MA,Bristol,02766,19155,Not rated,5.5,68.0,2134.0,,10.0,1.400,7630,127404,14.00,195,351,,34.0,93.0,25.2,yes,0,0,Commuter Rail (nearby),60.0,500.0,,57.2,-0.3,45.8,3.5,4.8,6.0,2.5,low,72,5.1,Average,2,high,2026-05-14,Quiet suburb north of Taunton. High incomes ($127k). Strong income growth (+57% over 10 yrs). Very low crime. Schools #195 of 351. Providence/Stoughton Line at Attleboro (~4 mi). Wheaton College in town. Bristol County Retirement (~68% est). Bond not rated -- verify EMMA.,81.0,Hidden Gem,61,94,67,62,77,84,75,4.28
Seekonk,MA,Bristol,02771,15573,Not rated,4.59,68.0,564.0,,22.0,1.275,5674,116310,12.75,115,351,,53.0,96.8,32.0,yes,0,0,None,80.0,700.0,,63.9,11.8,43.3,6.0,4.4,7.0,3.0,low,76,6.0,Strong,2,high,2026-05-14,"Best schools in Bristol batch (#115 of 351, 96.8% grad, 53% MCAS math). Very low debt per capita ($509). Borders Providence, RI (7 mi west). Large Route 6 commercial corridor (22% non-res). No MBTA service. Bristol County Retirement (~68% est). Bond not rated -- verify EMMA.",104.7,Hidden Gem,75,86,77,66,88,62,69,3.83
Raynham,MA,Bristol,02767;02768,15273,Not rated,11.71,68.0,1091.0,,15.0,1.274,5988,117950,12.74,215,351,,34.0,93.4,25.8,yes,0,0,Commuter Rail (nearby),100.0,700.0,,46.7,13.8,40.2,5.6,9.1,8.0,3.0,low,74,5.8,Strong,2,high,2026-05-14,"Fast-growing town (pop +14% over 10 yrs) adjacent to Taunton. Above-average incomes ($118k). Bridgewater-Raynham district (#215 of 351, 93.4% grad). South Coast Rail at Taunton (~5 mi). Taunton River watershed -- flood risk. Bristol County Retirement (~68% est). Bond not rated -- verify EMMA. DISTRICT_MAP: bridgewater-raynham.",96.5,Hidden Gem,61,86,74,71,84,84,69,3.98
Rehoboth,MA,Bristol,02769,12809,Not rated,8.29,68.0,6.0,,6.0,1.346,7336,126161,13.46,140,351,,52.0,91.9,18.6,yes,0,0,None,30.0,350.0,,52.9,9.8,41.6,3.5,5.1,5.0,2.0,low,76,5.6,Strong,2,high,2026-05-14,"Rural town bordering Providence, RI. $19 debt per capita -- exceptionally debt-free (verify MA DLS). Above-average incomes ($126k). Dighton-Rehoboth district (#140 of 351, 91.9% grad). Very low crime. Bristol County Retirement (~68% est). Bond not rated -- verify EMMA. DISTRICT_MAP: dighton-rehoboth.",85.5,Hidden Gem,73,94,67,70,88,62,75,4.32
Swansea,MA,Bristol,02777,17231,Not rated,7.45,68.0,308.0,,12.0,1.237,5195,116627,12.37,175,351,,50.0,93.0,22.1,yes,0,0,None,80.0,650.0,,64.3,8.0,34.2,4.7,2.8,8.0,3.5,low,77,6.2,Strong,2,high,2026-05-14,"Suburban town bordering Fall River. Exceptional free cash (30.4% -- among highest in MA; may reflect one-time certification, verify MA DLS). Very low debt ($400/capita). Solid schools (#175 of 351, 93% grad). Above-average incomes ($117k). Highest income growth in batch (+64% over 10 yrs). Bristol County Retirement (~68% est). Bond not rated -- verify EMMA.",112.4,Hidden Gem,75,86,77,70,88,62,69,3.6
Springfield,MA,Hampden,01101;01103;01104;01105;01107;01108;01109,154751,Not rated,1.94,62.0,1250.0,,28.0,1.969,4824,51339,19.69,340,351,,21.0,82.0,10.8,yes,0,0,None,900.0,3000.0,,49.6,0.9,19.7,8.2,25.3,8.0,3.0,low,42,2.1,Poor,2,high,2026-05-14,"MA's fourth-largest city. Amtrak service (Vermonter, Lake Shore Limited) at Union Station -- not MBTA commuter rail. Schools #340 of 351 (21% MCAS math, 82% grad). High crime. Connecticut River flood risk. Springfield Retirement System (own pension ~62% est -- verify PERAC). Bond not rated -- likely rated; verify EMMA. Lowest home prices in Pioneer Valley.",105.1,Hidden Gem,42,19,34,53,57,62,69,4.77
Northampton,MA,Hampshire,01060;01061,28640,Not rated,4.83,68.0,1411.0,,18.0,1.635,7685,78467,16.35,130,351,,48.0,92.4,38.9,yes,0,0,None,200.0,1400.0,,35.3,0.2,61.3,5.3,12.5,10.0,4.0,low,62,3.8,Below Average,2,high,2026-05-14,"Pioneer Valley's most desirable small city. Smith College anchor. Walkable downtown, arts scene. Schools #130 of 351 (48% MCAS math, 92.4% grad). Hampshire County Retirement (~68% est -- verify PERAC). Bond not rated -- verify EMMA. Connecticut River meadow flood risk. No MBTA -- 90 mi west of Boston.",80.9,Hidden Gem,73,65,38,64,67,62,60,5.99
Amherst,MA,Hampshire,01002;01003,35472,Not rated,10.12,68.0,334.0,,15.0,2.487,13554,65938,24.87,120,351,,55.0,,,yes,0,0,None,180.0,1200.0,,,,73.8,9.0,24.1,5.0,2.0,low,60,2.4,Poor,5,medium,2026-05-14,"College town (UMass Amherst, Amherst College, Hampshire College). Highest residential tax rate in this batch (24.87) -- reflects residential base and high ed demand on services. Very low debt per capita ($287). Schools #120 of 351 (Amherst-Pelham district est). Hampshire County Retirement (~68% est). Bond not rated -- verify EMMA. grad_rate and ap are estimates -- verify from DESE Amherst-Pelham HS data.",67.5,Hidden Gem,70,70,21,71,46,62,75,8.27
Westfield,MA,Hampden,01085;01086,40673,Not rated,8.46,66.0,2292.0,,18.0,1.979,6729,82847,19.79,215,351,,38.0,91.7,11.9,yes,0,0,None,300.0,1800.0,,39.0,-1.3,32.6,4.0,11.0,6.0,2.0,low,59,3.0,Below Average,2,high,2026-05-14,"Affordable small city west of Springfield. Westfield State University campus. Schools #215 of 351 (38% math, 91.7% grad). Negative 10-yr pop growth (-1.3%). Hampden County Retirement (~66% est -- verify PERAC). Bond not rated -- verify EMMA.",106.4,Hidden Gem,63,54,41,66,62,62,75,4.1
Chicopee,MA,Hampden,01013;01020;01021,55213,Not rated,3.89,62.0,3439.0,,25.0,1.973,5919,66927,19.73,285,351,,29.0,88.1,14.7,yes,0,0,None,450.0,2200.0,,43.3,-0.5,23.2,6.5,15.2,7.0,3.0,low,48,2.4,Poor,2,high,2026-05-14,"Springfield suburb with Westover Air Reserve Base (large employer). Schools #285 of 351 (29% math, 88.1% grad). Elevated crime. Chicopee Retirement System (own pension ~62% est -- verify PERAC). Bond not rated -- verify EMMA. Connecticut River flood risk.",98.1,Hidden Gem,50,40,41,51,52,62,69,4.48
Holyoke,MA,Hampden,01040;01041,37949,Not rated,0.61,62.0,2081.0,,22.0,2.101,5568,51892,21.01,348,351,,9.0,80.8,9.0,yes,0,0,None,950.0,2800.0,,64.1,-5.2,24.3,6.9,23.7,9.0,4.0,low,41,2.0,Poor,2,high,2026-05-14,"Historic paper mill city, now growing data center hub (hydropower advantage). Schools #348 of 351 (9% MCAS math -- near bottom in MA). Highest violent crime in Pioneer Valley. Very low free cash (1.5%) -- fiscal stress flag. Holyoke Retirement System (own pension ~62% est -- verify PERAC). Bond not rated -- verify EMMA. Connecticut River flood risk. Lowest home prices in Pioneer Valley.",94.8,Hidden Gem,42,19,31,51,50,62,69,5.11
Agawam,MA,Hampden,01001,28510,Not rated,15.0,66.0,687.0,,20.0,1.628,5861,82359,16.28,200,351,,38.0,92.5,25.1,yes,0,0,None,120.0,900.0,,29.5,-0.2,34.9,4.5,6.9,8.0,3.0,low,66,4.1,Average,2,high,2026-05-14,"Best fiscal fundamentals in the Pioneer Valley batch -- exceptional free cash (13%) and very low debt per capita ($783). Six Flags New England is here (commercial tax base). Schools #200 of 351 (38% math, 92.5% grad). Low crime for the region. Connecticut River floodplain. Hampden County Retirement (~66% est). Bond not rated -- verify EMMA.",112.4,Hidden Gem,63,81,48,72,56,62,69,4.37
West Springfield,MA,Hampden,01089;01090,28635,Not rated,8.61,66.0,2439.0,,30.0,1.792,5645,70401,17.92,260,351,,31.0,91.4,28.9,yes,0,0,None,250.0,1600.0,,30.1,0.5,34.9,5.6,10.4,10.0,5.0,low,58,3.2,Below Average,2,high,2026-05-14,"Springfield suburb with large Route 5 commercial corridor (30% non-res base, which subsidizes residential rates). Strong free cash (11%). Schools #260 of 351 (31% math). Eastern States Exposition (Big E) fairgrounds here. Highest flood risk in batch due to Connecticut River floodplain. Hampden County Retirement (~66% est). Bond not rated -- verify EMMA.",112.9,Hidden Gem,59,60,48,62,57,62,54,4.47
Longmeadow,MA,Hampden,01106,15724,Not rated,4.53,66.0,3700.0,,5.0,2.213,10622,144639,22.13,70,351,,63.0,96.6,28.3,yes,0,0,None,50.0,600.0,,36.2,-0.7,66.1,6.3,3.9,12.0,5.0,low,68,3.1,Below Average,2,high,2026-05-14,"Pioneer Valley's most affluent suburb ($145k median income). Best schools in batch (#70 of 351, 63% MCAS math, 96.6% grad). Very low crime. High tax rate (22.13) reflects nearly all-residential base (5% non-res). High debt per capita ($3,895) and Connecticut River flood risk are the key flags. Hampden County Retirement (~66% est). Bond not rated -- verify EMMA.",86.8,Hidden Gem,83,90,37,52,77,62,54,3.32
Easthampton,MA,Hampshire,01027,16103,Not rated,5.05,68.0,3189.0,,12.0,1.606,6023,72925,16.06,200,351,,36.0,93.1,28.5,yes,0,0,None,150.0,900.0,,26.6,0.4,41.0,5.2,8.9,5.0,2.0,low,63,3.9,Below Average,2,high,2026-05-14,"Up-and-coming small city west of Northampton with growing arts and creative economy. Solid schools (#200 of 351, 93.1% grad). Strong free cash (8.1%). High debt per capita ($3,697) is the main fiscal flag. Hampshire County Retirement (~68% est). Bond not rated -- verify EMMA.",103.0,Hidden Gem,65,81,45,56,60,62,75,5.14
Abington,MA,Plymouth,02351,17008,Not rated,4.8,72.0,2731.0,,10.0,1.549,7900,119787,15.49,195,351,,40.0,91.2,12.1,yes,0,0,Commuter Rail (nearby),120.0,850.0,,52.8,6.2,39.8,5.2,5.7,5.0,2.0,low,70,4.5,Average,2,high,2026-05-14,South Shore suburb with above-average incomes ($120k) and strong income growth (+53% over 10 yrs). Very low free cash (1.9%) is a fiscal stress flag. Schools #195 of 351. Whitman MBTA station (Kingston/Plymouth Line) is adjacent. Plymouth County Retirement (~72% est -- verify PERAC). Bond not rated -- verify EMMA.,84.1,Hidden Gem,63,81,55,64,86,84,75,4.26
Whitman,MA,Plymouth,02382,15215,Not rated,2.24,72.0,634.0,,10.0,1.589,7230,107794,15.89,225,351,,45.0,88.9,27.3,yes,0,0,Commuter Rail (in town),100.0,750.0,,48.8,4.4,29.2,4.6,7.5,5.0,2.0,low,71,4.5,Average,2,high,2026-05-14,"South Shore town directly on Kingston/Plymouth MBTA commuter rail line. Above-average incomes ($108k). Very low debt per capita ($855). Whitman-Hanson district (#225 of 351, 88.9% grad, 45% MCAS math). Plymouth County Retirement (~72% est). Bond not rated -- verify EMMA. DISTRICT_MAP: whitman-hanson.",95.7,Hidden Gem,66,86,55,66,77,91,75,4.22
Rockland,MA,Plymouth,02370,17709,Not rated,5.82,72.0,3974.0,,10.0,1.672,7775,101475,16.72,230,351,,38.0,85.3,26.3,yes,0,0,None,130.0,850.0,,53.0,0.9,34.3,3.9,7.5,6.0,2.0,low,64,3.8,Below Average,2,high,2026-05-14,South Shore suburb with above-average incomes ($101k) and strong income growth (+53% over 10 yrs). Schools #230 of 351 -- graduation rate (85.3%) is the notable weak spot. Plymouth County Retirement (~72% est). Bond not rated -- verify EMMA. No commuter rail in town.,84.4,Hidden Gem,60,81,48,57,77,62,75,4.58
Middleborough,MA,Plymouth,02346;02347,24360,Not rated,2.62,72.0,2886.0,,15.0,1.343,5775,91914,13.43,225,351,,38.0,88.8,23.9,yes,0,0,Commuter Rail (in town),150.0,1100.0,,18.4,4.8,30.3,4.8,7.7,8.0,3.0,low,67,5.0,Average,2,high,2026-05-14,Fast-growing South Shore town (pop +5%) on Old Colony/Middleborough MBTA Line to South Station. Affordable pricing (~$430k). Solid free cash (7.6%). Schools #225 of 351. Taunton River watershed flood risk. Plymouth County Retirement (~72% est). Bond not rated -- verify EMMA.,95.5,Hidden Gem,63,81,62,56,64,91,69,4.68
Wareham,MA,Plymouth,02538;02571;02576,23226,Not rated,8.56,72.0,1683.0,,12.0,1.097,4059,82741,10.97,290,351,,31.0,79.4,16.2,yes,0,0,None,200.0,1200.0,,39.8,5.2,27.8,6.0,7.2,12.0,5.0,low,65,5.9,Strong,2,high,2026-05-14,Gateway to Cape Cod on Buzzards Bay. Lowest res tax rate in Plymouth batch (10.97) and lowest home prices (~$370k). Schools #290 of 351 (79.4% grad -- below average). Coastal flood risk. Old Colony Line at Middleborough/Lakeville is ~12 mi north. Plymouth County Retirement (~72% est). Bond not rated -- verify EMMA.,107.7,Hidden Gem,43,70,82,72,71,62,54,4.47
Bridgewater,MA,Plymouth,02324;02325,28669,Not rated,5.09,72.0,725.0,,10.0,1.567,7052,112482,15.67,215,351,,34.0,93.4,25.8,yes,0,0,Commuter Rail (in town),150.0,800.0,,,,39.7,5.5,4.9,7.0,3.0,low,70,4.5,Average,4,medium,2026-05-14,"South Shore town with MBTA commuter rail on Kingston/Plymouth Line. Very low debt per capita ($534). Bridgewater State University campus. Bridgewater-Raynham district (#215 of 351, 93.4% grad). Plymouth County Retirement (~72% est). Bond not rated -- verify EMMA. DISTRICT_MAP: bridgewater-raynham.",95.4,Hidden Gem,61,86,55,71,62,91,69,4.0
East Bridgewater,MA,Plymouth,02333,14420,Not rated,2.16,72.0,2535.0,,8.0,1.486,7059,128679,14.86,145,351,,47.0,96.0,25.7,yes,0,0,Commuter Rail (in town),80.0,600.0,,49.8,3.8,34.3,4.6,4.1,6.0,2.0,low,75,5.0,Average,2,high,2026-05-14,"Underrated South Shore suburb with strong schools (#145 of 351, 96% grad, 47% MCAS math) and MBTA commuter rail on Kingston/Plymouth Line. Above-average incomes ($129k). High debt per capita ($3,265) is the main fiscal flag. Plymouth County Retirement (~72% est). Bond not rated -- verify EMMA.",96.8,Hidden Gem,75,86,67,59,81,91,75,3.69
West Bridgewater,MA,Plymouth,02379,7682,Not rated,8.94,72.0,4192.0,,8.0,1.821,8832,124483,18.21,210,351,,39.0,95.0,20.7,yes,0,0,Commuter Rail (nearby),60.0,500.0,,54.9,10.9,42.6,4.6,4.6,5.0,2.0,low,70,3.8,Below Average,2,high,2026-05-14,"Small, high-income South Shore town (pop +11% over 10 yrs, $124k median income). Strong schools (#210 of 351, 95% grad). Highest residential tax rate in Plymouth batch (18.21) and very high debt per capita ($4,705) are the key fiscal flags. Bridgewater MBTA station is nearby. Plymouth County Retirement (~72% est). Bond not rated -- verify EMMA.",88.5,Hidden Gem,65,94,41,60,88,84,75,3.9
Carver,MA,Plymouth,02330,11645,Not rated,4.89,72.0,3266.0,,8.0,1.528,6112,78955,15.28,210,351,,36.0,95.8,22.4,yes,0,0,None,70.0,550.0,,9.4,1.3,27.2,2.9,6.6,5.0,2.0,low,66,4.3,Average,2,high,2026-05-14,"Rural Plymouth County town -- cranberry capital of the world. Very low unemployment (2.9%) and low crime. Strong graduation rate (95.8%). High debt per capita ($3,598) is a flag. Flat population growth (+1.3% over 10 yrs). No transit. Plymouth County Retirement (~72% est). Bond not rated -- verify EMMA.",101.2,Hidden Gem,65,94,45,61,54,62,75,5.07
Marion,MA,Plymouth,02738,5312,Not rated,8.84,72.0,5451.0,,8.0,1.148,7462,120227,11.48,115,351,,55.0,96.1,30.8,yes,0,0,None,40.0,400.0,,49.4,8.1,45.2,6.4,5.9,15.0,7.0,low,73,6.4,Strong,2,high,2026-05-14,"Small coastal town on Buzzards Bay. Exceptional free cash (14.6%) and very low crime. Old Rochester Regional HS (#115 of 351, 96.1% grad, 30.8% AP). Math_pct=55 is Marion elementary K-6 MCAS; MATH_OVERRIDE set. Very high debt per capita ($4,807) and coastal flood risk (15%) are the key flags. Plymouth County Retirement (~72% est). Bond not rated -- verify EMMA. DISTRICT_MAP: old rochester.",68.9,Hidden Gem,78,94,65,58,84,62,44,5.41
Dover,MA,Norfolk,02030,5893,AAA,17.27,71.8,828.0,,,1.13,15529,250001.0,11.27,11,396,,72.0,98.1,45.0,,,,None,151,504,,33.1,3.8,87.3,8.2,2.0,8,1,low,84,7.5,Exceptional,4,medium,2026-05-14,,32.5,Premium Town,92,90,65,92,89,47,75,6.33
Lincoln,MA,Middlesex,01773,6946,AAA,21.45,54.54,11673.0,,,1.28,18319,180750.0,12.81,263,396,,,98.0,29.7,,,,Commuter Rail (in town),14.3,229,,43.0,7.4,78.7,0.8,3.9,,,low,71,5.5,Strong,7,medium,2026-05-14,,34.1,Premium Town,62,94,48,66,91,77,71,7.06
Sherborn,MA,Middlesex,01770,4404,AAA,8.97,54.54,1973.0,,,1.66,17678,247500.0,16.58,11,396,,72.0,98.1,45.0,,,,None,22,178,,61.3,5.6,81.2,6.3,1.8,,,low,79,4.8,Average,6,medium,2026-05-14,,43.0,Market Rate,92,94,48,76,93,47,71,4.55
Carlisle,MA,Middlesex,01741,5209,,12.66,54.54,1890.0,,,1.32,15411,250001.0,13.18,269,396,,,96.8,27.3,,,,Commuter Rail (nearby),28.4,15.2,,56.2,5.9,83.1,2.2,2.1,,,low,72,5.5,Strong,8,medium,2026-05-14,,35.8,Premium Town,61,94,62,64,93,70,71,4.93
Stow,MA,Middlesex,01775,7109,AAA,5.33,54.54,3019.0,,,1.74,11884,177862.0,17.42,55,396,,56.0,94.2,34.6,,,,None,55,259,,53.7,5.5,76.6,4.1,5.0,,,low,77,4.4,Average,6,medium,2026-05-14,,77.1,Hidden Gem,85,94,57,66,93,47,71,3.44
Groton,MA,Middlesex,01450,11265,AAA,4.91,54.54,1903.0,,,1.53,10027,189180.0,15.25,47,396,,60.0,95.3,30.2,,,,Commuter Rail (nearby),43,199,,61.5,3.9,65.7,5.1,4.3,,,low,80,5.2,Average,6,medium,2026-05-14,,67.8,Hidden Gem,85,94,60,74,93,70,71,3.82
Plainville,MA,Norfolk,02762,9872,,4.01,63.5,4380.0,,,,6797,95625.0,11.56,98,396,,43.0,95.3,38.1,,,,None,26.8,175.8,,24.0,17.1,42.7,8.5,8.2,,,low,69,6.0,Strong,8,medium,2026-05-14,,67.2,Hidden Gem,77,94,49,52,74,47,71,6.58
East Longmeadow,MA,Hampden,01028,16368,,16.65,54.73,874.0,,,1.85,6465,101540.0,18.48,89,396,,49.0,97.2,29.4,,,,None,122.7,102.6,,26.2,3.5,46.4,3.6,2.9,17,,low,71,3.8,Below Average,6,medium,2026-05-14,,104.0,Hidden Gem,81,90,48,68,70,47,54,4.12
Ludlow,MA,Hampden,01056,20846,,3.71,58.32,1795.0,,,1.74,5177,78981.0,17.35,207,396,,29.0,88.2,19.7,,,,None,93.9,49.3,,29.3,-1.9,25.3,4.2,8.5,,,low,63,3.6,Below Average,7,medium,2026-05-14,,109.3,Hidden Gem,59,90,55,54,56,47,71,4.47
Webster,MA,Worcester,01570,17674,,8.49,,2600.0,,,1.19,4232,68934.0,11.88,280,396,,15.0,78.0,11.4,,,,None,638,800,,44.0,5.3,24.8,6.6,15.4,,,low,55,4.6,Average,8,medium,2026-05-14,,84.3,Hidden Gem,47,45,65,65,61,47,71,5.8
Ayer,MA,Middlesex,01432,8491,,8.13,54.54,2337.0,,,1.20,5396,105047.0,11.96,83,396,,53.0,94.3,25.1,yes,0,0,Commuter Rail (in town),171.8,36.1,32,74.1,11.9,41.1,6.9,9.0,,,low,75,6.3,Strong,4,medium,2026-05-14,,92.0,Hidden Gem,80,77,74,60,83,91,71,4.76
Norfolk,MA,Norfolk,02056,11556,AA+,5.26,74.6,2311.0,,,1.60,10254,197379.0,15.97,342,396,,43.0,95.3,38.1,yes,0,0,Commuter Rail (in town),25.4,45.2,210,47.2,1.3,58.5,4.7,2.1,,,low,73,4.6,Average,3,high,2026-05-14,,61.7,Hidden Gem,56,87,60,80,85,91,71,3.67
Bellingham,MA,Norfolk,02019,17160,AA,4.61,74.6,1736.0,,,1.26,5196,120966.0,12.56,184,396,,36.0,88.0,15.0,yes,0,0,None,129.8,68.2,30,50.9,4.4,40.0,6.8,4.4,,,low,77,6.1,Strong,3,high,2026-05-14,,99.5,Hidden Gem,70,83,77,80,86,62,71,3.92
Harvard,MA,Worcester,01451,6881,,4.17,51.9,5604.0,,,1.57,12208,200688.0,15.65,7,396,,80.0,95.5,34.5,yes,0,0,Commuter Rail (nearby),42.3,9.9,-43,46.0,5.2,64.2,5.5,4.4,,,low,77,4.9,Average,4,medium,2026-05-14,,51.9,Strong Value,91,100,55,44,89,84,71,4.53
Bolton,MA,Worcester,01740,5698,,7.28,51.9,919.0,,,1.66,12636,198475.0,16.62,55,396,,56.0,94.2,34.6,yes,0,0,None,93.7,29.8,123,35.9,14.7,80.8,5.8,2.7,,,low,75,4.5,Average,4,medium,2026-05-14,,59.1,Strong Value,85,83,55,64,91,62,71,3.92
Pepperell,MA,Middlesex,01463,11656,,3.24,54.54,1492.0,,,1.46,6989,126976.0,14.63,140,396,,43.0,88.8,22.3,yes,0,0,None,58.5,34.7,-37,56.4,0.1,44.5,3.2,6.6,,,low,73,5.0,Average,4,medium,2026-05-14,,77.0,Hidden Gem,70,100,67,54,82,62,71,4.58
Spencer,MA,Worcester,01562,11961,,7.47,51.9,1917.0,,,1.17,4197,79086.0,11.74,240,396,,29.0,76.0,12.1,yes,0,0,None,41.2,25.1,-54,31.4,1.9,27.5,5.8,7.7,,,low,69,5.9,Strong,4,medium,2026-05-14,,100.4,Hidden Gem,52,100,70,62,67,62,71,5.33
Oxford,MA,Worcester,01540,13349,,5.07,51.9,533.0,,,1.27,4718,104000.0,12.67,168,396,,32.0,95.2,24.3,yes,0,0,None,140.2,58.3,-26,49.0,-2.8,27.8,4.8,5.1,,,low,73,5.8,Strong,4,medium,2026-05-14,,115.5,Hidden Gem,68,96,77,61,68,62,71,3.73
Charlton,MA,Worcester,01507,13359,,6.34,51.9,172.0,,,1.11,4895,119809.0,11.13,148,396,,40.0,90.6,22.3,yes,0,0,None,65.8,31.5,18,27.5,2.5,37.7,3.0,3.3,,,low,73,6.6,Exceptional,4,medium,2026-05-14,,97.0,Hidden Gem,70,90,77,61,71,62,71,3.85
Mendon,MA,Worcester,01756,6266,,8.31,51.9,1294.0,,,1.34,8228,129837.0,13.39,72,396,,50.0,93.8,38.5,yes,0,0,Commuter Rail (nearby),61.7,33.1,69,23.2,7.1,53.7,1.3,6.0,,,low,75,5.6,Strong,4,medium,2026-05-14,,66.7,Hidden Gem,80,87,58,62,78,84,71,5.31
Wayland,MA,Middlesex,01778,13826,AAA,11.02,54.54,5399.0,,,1.563,16412,221250.0,15.63,10,396,,77.0,97.3,37.4,yes,0,0,Bus only,39.4,36.2,,69.2,5.0,77.8,3.5,4.2,8,,low,78,5.0,Average,3,high,2026-05-14,,45.5,Market Rate,92,94,48,64,93,74,72,4.75
Boxborough,MA,Middlesex,01719,5468,AA,14.15,54.54,1004.0,,,1.514,11355,151000.0,15.14,13,396,,70.0,94.4,50.1,yes,0,0,None,90.3,16.2,76,48.8,8.3,77.8,5.6,3.6,3,,low,77,5.1,Average,2,high,2026-05-14,,62.9,Hidden Gem,91,83,48,77,88,62,80,4.97
Townsend,MA,Middlesex,01469,9052,,2.01,54.54,365.0,,,1.452,5445,120238.0,14.52,140,351,,43.0,88.8,22.3,yes,0,0,None,60.2,44.9,7,50.0,0.2,37.7,5.6,7.2,4,,low,73,5.0,Average,3,high,2026-05-14,,119.3,Hidden Gem,70,92,73,56,82,62,80,3.12
Lancaster,MA,Worcester,01523,8470,,6.11,51.9,548.0,,,1.616,7757,130444.0,16.16,55,351,,56.0,94.2,34.6,yes,0,0,None,76.9,70.3,45,68.2,6.0,51.5,9.4,3.0,5,,low,74,4.6,Average,3,high,2026-05-14,,94.5,Hidden Gem,83,87,60,61,86,62,72,3.68
Clinton,MA,Worcester,01510,15430,,4.61,51.9,792.0,,,1.330,4389,93849.0,13.30,224,396,,23.0,90.0,16.9,yes,0,0,None,22.1,5.7,-50,45.0,13.2,35.1,4.3,8.4,6,,low,71,5.3,Average,3,high,2026-05-14,,131.9,Hidden Gem,54,100,70,61,79,62,72,3.52
Sterling,MA,Worcester,01564,8111,,4.53,51.9,317.0,,,1.288,6118,136027.0,12.88,71,351,,56.0,93.9,24.3,yes,0,0,None,59.3,22.5,12,37.6,3.5,53.5,3.7,4.3,4,,low,78,6.1,Strong,3,high,2026-05-14,,100.7,Hidden Gem,83,90,80,61,85,62,80,3.49
Sturbridge,MA,Worcester,01566,9889,,13.1,51.9,2779.0,,,1.593,5974,129606.0,15.93,349,396,,46.0,95.5,18.2,yes,0,0,None,133.2,58.2,3,68.1,6.3,46.5,4.6,3.0,5,,low,69,4.3,Average,3,high,2026-05-14,,112.8,Hidden Gem,59,88,66,59,86,62,72,2.89
Fairhaven,MA,Bristol,02719,15878,,6.44,51.9,1041.0,,,0.932,3588,92500.0,9.32,107,396,,48.0,94.0,23.6,yes,0,0,None,83.5,40.2,-60,53.3,-0.5,30.5,4.9,7.6,25,,low,76,8.2,Exceptional,3,high,2026-05-14,,121.0,Hidden Gem,80,96,85,61,66,62,44,4.16
Somerset,MA,Bristol,02726,18246,,10.61,51.9,339.0,,,1.330,5121,111720.0,13.30,354,396,,51.0,,,yes,0,0,None,89.1,46.7,-19,52.7,0.0,37.0,2.5,5.0,15,,low,70,5.3,Average,4,medium,2026-05-14,,111.5,Hidden Gem,52,94,73,66,77,62,54,3.45
South Hadley,MA,Hampshire,01075,17410,,9.6,51.9,1375.0,,,1.398,4613,93646.0,13.98,139,396,,41.0,92.5,23.3,yes,0,0,None,99.3,57.4,-11,51.5,-1.8,50.2,3.4,7.3,8,,low,73,5.2,Average,3,high,2026-05-14,,135.6,Hidden Gem,70,94,70,62,72,62,72,3.52
